Date,股票代码,Open,Close,High,Low,Volume,Amount,振幅,涨跌幅,涨跌额,换手率
2021-10-14,301078,20.91,23.21,25.11,20.91,529102,1188561904.0,73.94,308.63,17.53,71.37
2021-10-15,301078,20.91,19.94,22.15,19.92,373004,785558240.0,9.61,-14.09,-3.27,50.31
2021-10-18,301078,19.29,20.56,21.39,19.04,306072,628476512.0,11.79,3.11,0.62,41.29
2021-10-19,301078,20.03,21.21,21.41,19.72,277551,577460432.0,8.22,3.16,0.65,37.44
2021-10-20,301078,20.9,19.91,21.1,19.52,285153,574265344.0,7.45,-6.13,-1.3,38.46
2021-10-21,301078,20.12,21.5,21.59,19.12,347280,705553824.0,12.41,7.99,1.59,46.84
2021-10-22,301078,20.91,20.95,23.14,20.72,392182,851037456.0,11.26,-2.56,-0.55,52.9
2021-10-25,301078,19.93,19.95,20.35,19.6,240746,482707408.0,3.58,-4.77,-1.0,32.47
2021-10-26,301078,19.98,19.63,20.68,19.5,228948,459686432.0,5.91,-1.6,-0.32,30.88
2021-10-27,301078,19.22,17.09,19.27,17.03,285931,514341200.0,11.41,-12.94,-2.54,38.57
2021-10-28,301078,16.61,16.42,17.07,16.23,151510,252592965.0,4.92,-3.92,-0.67,20.44
2021-10-29,301078,16.37,15.89,16.83,15.81,159351,260631824.0,6.21,-3.23,-0.53,21.49
2021-11-01,301078,15.61,16.11,16.3,15.44,132002,210714104.0,5.41,1.38,0.22,17.81
2021-11-02,301078,15.91,15.3,16.29,15.29,143205,228373607.0,6.21,-5.03,-0.81,19.32
2021-11-03,301078,15.19,16.02,16.46,14.94,183819,290617648.0,9.93,4.71,0.72,24.79
2021-11-04,301078,15.94,15.97,16.29,15.67,129305,207624622.0,3.87,-0.31,-0.05,17.44
2021-11-05,301078,15.8,16.27,16.48,15.79,139165,226236658.0,4.32,1.88,0.3,18.77
2021-11-08,301078,16.01,15.86,16.2,15.58,100436,160249262.0,3.81,-2.52,-0.41,13.55
2021-11-09,301078,15.86,16.06,16.15,15.77,102452,164459884.0,2.4,1.26,0.2,13.82
2021-11-10,301078,16.36,16.32,17.16,16.22,178224,297524304.0,5.85,1.62,0.26,24.04
2021-11-11,301078,15.91,17.29,18.41,15.82,236159,407711024.0,15.87,5.94,0.97,31.85
2021-11-12,301078,17.11,17.65,17.96,16.84,217690,381377168.0,6.48,2.08,0.36,29.36
2021-11-15,301078,17.52,18.12,18.28,17.35,191378,343876624.0,5.27,2.66,0.47,25.81
2021-11-16,301078,18.32,17.26,18.63,16.93,175237,311450000.0,9.38,-4.75,-0.86,23.64
2021-11-17,301078,16.99,17.23,17.47,16.98,109599,189113124.0,2.84,-0.17,-0.03,14.78
2021-11-18,301078,17.3,16.36,17.3,16.34,135959,228749392.0,5.57,-5.05,-0.87,18.34
2021-11-19,301078,16.21,16.45,16.55,16.19,76479,126194381.0,2.2,0.55,0.09,10.32
2021-11-22,301078,16.7,16.81,17.16,16.64,110224,186762870.0,3.16,2.19,0.36,14.87
2021-11-23,301078,16.78,17.29,17.36,16.63,146031,251317655.0,4.34,2.86,0.48,19.7
2021-11-24,301078,17.1,19.39,20.4,16.91,324852,611991296.0,20.19,12.15,2.1,43.82
2021-11-25,301078,18.81,18.71,19.09,18.21,228812,427505792.0,4.54,-3.51,-0.68,30.86
2021-11-26,301078,18.52,19.48,20.21,18.37,260800,506326288.0,9.83,4.12,0.77,35.18
2021-11-29,301078,18.69,18.8,19.15,18.42,165858,313519568.0,3.75,-3.49,-0.68,22.37
2021-11-30,301078,19.01,18.19,19.07,18.11,147408,273453968.0,5.11,-3.24,-0.61,19.88
2021-12-01,301078,18.01,18.44,18.68,17.94,106442,196892406.0,4.07,1.37,0.25,14.36
2021-12-02,301078,18.32,17.78,18.74,17.63,115400,209107074.0,6.02,-3.58,-0.66,15.57
2021-12-03,301078,17.84,18.37,18.54,17.6,115285,211092748.0,5.29,3.32,0.59,15.55
2021-12-06,301078,18.44,17.73,18.49,17.59,91173,164101880.0,4.9,-3.48,-0.64,12.3
2021-12-07,301078,17.81,17.11,17.9,16.86,89522,154725860.0,5.87,-3.5,-0.62,12.08
2021-12-08,301078,17.27,17.38,17.66,17.03,63088,110058665.0,3.68,1.58,0.27,8.51
2021-12-09,301078,17.2,18.44,18.56,17.2,149018,271252944.0,7.83,6.1,1.06,20.1
2021-12-10,301078,18.35,18.62,19.06,18.11,135048,252014809.0,5.15,0.98,0.18,18.22
2021-12-13,301078,18.55,18.2,18.77,18.06,102971,188885900.0,3.81,-2.26,-0.42,13.89
2021-12-14,301078,18.29,18.37,18.44,18.01,87300,159929710.0,2.36,0.93,0.17,11.78
2021-12-15,301078,18.21,17.86,18.34,17.79,82548,149647163.0,2.99,-2.78,-0.51,11.13
2021-12-16,301078,17.91,18.2,18.24,17.62,76730,138693209.0,3.47,1.9,0.34,10.35
2021-12-17,301078,18.25,17.27,18.25,17.24,108539,191377211.0,5.55,-5.11,-0.93,14.64
2021-12-20,301078,16.97,17.19,17.33,16.97,45573,78540779.0,2.08,-0.46,-0.08,6.15
2021-12-21,301078,17.18,17.64,18.0,17.11,82940,147113808.0,5.18,2.62,0.45,11.19
2021-12-22,301078,17.42,17.16,17.77,17.06,70662,122739666.0,4.02,-2.72,-0.48,9.53
2021-12-23,301078,17.1,16.76,17.35,16.67,61368,103554899.0,3.96,-2.33,-0.4,8.28
2021-12-24,301078,16.86,16.52,17.3,15.97,94680,157484389.0,7.94,-1.43,-0.24,12.77
2021-12-27,301078,16.39,16.33,16.52,16.1,48594,79632136.0,2.54,-1.15,-0.19,6.55
2021-12-28,301078,16.22,16.51,16.64,16.22,43059,71324704.0,2.57,1.1,0.18,5.81
2021-12-29,301078,16.33,16.62,16.79,16.29,43262,72200289.0,3.03,0.67,0.11,5.84
2021-12-30,301078,16.56,16.79,17.38,16.46,75733,128621131.0,5.54,1.02,0.17,10.22
2021-12-31,301078,16.71,16.54,16.92,16.53,57657,96802141.0,2.32,-1.49,-0.25,7.78
2022-01-04,301078,16.24,16.64,16.79,16.24,46184,77007557.0,3.33,0.6,0.1,6.23
2022-01-05,301078,16.49,16.08,16.59,15.98,59629,97428184.0,3.67,-3.37,-0.56,8.04
2022-01-06,301078,16.07,16.72,16.87,16.05,89461,149552882.0,5.1,3.98,0.64,12.07
2022-01-07,301078,16.61,16.18,16.99,16.16,66538,110964487.0,4.96,-3.23,-0.54,8.98
2022-01-10,301078,16.2,16.4,16.68,15.43,59645,97224948.0,7.73,1.36,0.22,8.05
2022-01-11,301078,16.68,19.15,19.7,16.59,467874,908064192.0,18.96,16.77,2.75,63.11
2022-01-12,301078,17.91,18.52,18.77,17.31,391222,708029664.0,7.62,-3.29,-0.63,52.77
2022-01-13,301078,18.17,18.98,19.79,18.12,355300,676583104.0,9.02,2.48,0.46,47.93
2022-01-14,301078,18.8,18.85,19.67,18.61,254567,486819328.0,5.58,-0.68,-0.13,34.34
2022-01-17,301078,18.61,20.21,20.39,17.94,356488,692791936.0,13.0,7.21,1.36,48.09
2022-01-18,301078,21.42,20.2,23.4,20.13,391465,843186656.0,16.18,-0.05,-0.01,52.8
2022-01-19,301078,19.91,21.17,21.99,19.63,302041,635197600.0,11.68,4.8,0.97,40.74
2022-01-20,301078,19.91,20.73,21.42,19.04,279520,569199632.0,11.24,-2.08,-0.44,37.7
2022-01-21,301078,20.29,19.15,20.61,18.71,208204,409642784.0,9.17,-7.62,-1.58,28.08
2022-01-24,301078,19.06,19.15,20.04,18.61,124763,243186665.0,7.47,0.0,0.0,16.83
2022-01-25,301078,19.01,19.63,20.49,18.71,192787,380678208.0,9.3,2.51,0.48,26.0
2022-01-26,301078,19.31,20.05,20.38,18.97,151182,299982480.0,7.18,2.14,0.42,20.39
2022-01-27,301078,19.7,16.67,19.76,16.64,213987,386657824.0,15.56,-16.86,-3.38,28.86
2022-01-28,301078,17.0,19.01,20.02,16.7,254857,477544368.0,19.92,14.04,2.34,34.38
2022-02-07,301078,19.55,20.4,20.46,19.09,234260,469584416.0,7.21,7.31,1.39,31.6
2022-02-08,301078,20.14,20.83,22.11,19.83,247566,521829120.0,11.18,2.11,0.43,33.39
2022-02-09,301078,20.54,22.09,22.09,20.22,257189,547221792.0,8.98,6.05,1.26,34.69
2022-02-10,301078,22.41,21.78,25.09,21.2,385259,873492640.0,17.61,-1.4,-0.31,51.97
2022-02-11,301078,21.18,21.9,22.73,20.66,311247,680688128.0,9.5,0.55,0.12,41.98
2022-02-14,301078,21.15,22.75,23.91,21.14,290337,650483264.0,12.65,3.88,0.85,39.16
2022-02-15,301078,22.42,22.05,23.56,21.82,263989,598285072.0,7.65,-3.08,-0.7,35.61
2022-02-16,301078,21.76,21.59,22.36,21.31,201984,441492384.0,4.76,-2.09,-0.46,27.25
2022-02-17,301078,21.41,20.83,22.01,20.62,186731,398382704.0,6.44,-3.52,-0.76,25.19
2022-02-18,301078,20.46,21.16,21.36,20.46,144933,304797408.0,4.32,1.58,0.33,19.55
2022-02-21,301078,20.96,22.1,22.37,20.96,236055,517220368.0,6.66,4.44,0.94,31.84
2022-02-22,301078,21.71,21.53,22.76,21.52,202562,448477616.0,5.61,-2.58,-0.57,27.32
2022-02-23,301078,21.37,22.22,22.36,21.14,196620,430920560.0,5.67,3.2,0.69,26.52
2022-02-24,301078,21.67,20.29,21.89,18.89,285587,588401296.0,13.5,-8.69,-1.93,38.52
2022-02-25,301078,20.28,19.79,20.46,19.76,121692,245030206.0,3.45,-2.46,-0.5,16.41
2022-02-28,301078,19.91,19.53,20.12,19.21,108894,214286934.0,4.6,-1.31,-0.26,14.69
2022-03-01,301078,19.75,20.28,20.5,19.39,145848,293908896.0,5.68,3.84,0.75,19.67
2022-03-02,301078,20.01,20.52,20.87,19.92,148636,307117328.0,4.68,1.18,0.24,20.05
2022-03-03,301078,20.79,21.3,21.31,19.99,205432,426361312.0,6.43,3.8,0.78,27.71
2022-03-04,301078,20.92,22.56,23.03,20.82,369733,818985792.0,10.38,5.92,1.26,49.87
2022-03-07,301078,21.78,27.09,27.09,21.33,542083,1320630432.0,25.53,20.08,4.53,73.12
2022-03-08,301078,26.79,22.97,26.91,22.45,496405,1209125264.0,16.46,-15.21,-4.12,66.96
2022-03-09,301078,22.03,23.71,24.06,22.03,363904,847261312.0,8.84,3.22,0.74,49.09
2022-03-10,301078,23.61,24.01,24.38,22.55,345943,813793024.0,7.72,1.27,0.3,46.66
2022-03-11,301078,23.08,21.85,23.24,21.36,271531,609199840.0,7.83,-9.0,-2.16,36.63
2022-03-14,301078,21.3,19.71,21.52,19.66,233083,476696496.0,8.51,-9.79,-2.14,31.44
2022-03-15,301078,19.3,18.84,20.06,18.82,185094,363926000.0,6.29,-4.41,-0.87,24.97
2022-03-16,301078,19.21,19.19,19.85,17.72,208053,390318864.0,11.31,1.86,0.35,28.06
2022-03-17,301078,19.14,19.61,20.21,18.91,209957,415040400.0,6.77,2.19,0.42,28.32
2022-03-18,301078,19.4,19.1,19.78,18.99,128774,249909502.0,4.03,-2.6,-0.51,17.37
2022-03-21,301078,19.08,19.49,19.68,18.82,139754,271413280.0,4.5,2.04,0.39,18.85
2022-03-22,301078,19.32,18.91,19.49,18.51,145920,277416448.0,5.03,-2.98,-0.58,19.68
2022-03-23,301078,18.8,18.14,18.93,18.06,146537,271281664.0,4.6,-4.07,-0.77,19.77
2022-03-24,301078,17.92,18.48,18.79,17.51,176424,322491200.0,7.06,1.87,0.34,23.8
2022-03-25,301078,18.21,17.79,18.79,17.79,143637,264138745.0,5.41,-3.73,-0.69,19.37
2022-03-28,301078,17.59,17.92,18.29,17.49,96041,172515387.0,4.5,0.73,0.13,12.95
2022-03-29,301078,18.8,18.51,19.86,18.3,216280,414468864.0,8.71,3.29,0.59,29.17
2022-03-30,301078,17.6,17.85,17.99,17.11,156495,276864752.0,4.75,-3.57,-0.66,21.11
2022-03-31,301078,17.71,16.87,17.71,16.87,138220,239596340.0,4.71,-5.49,-0.98,16.32
2022-04-01,301078,16.81,16.68,17.2,16.54,83016,140459240.0,3.91,-1.13,-0.19,9.8
2022-04-06,301078,16.56,16.75,16.93,16.49,58708,98856906.0,2.64,0.42,0.07,6.93
2022-04-07,301078,16.66,16.19,16.66,16.11,76530,125462743.0,3.28,-3.34,-0.56,9.04
2022-04-08,301078,16.2,15.57,16.3,15.45,78615,124159010.0,5.25,-3.83,-0.62,9.28
2022-04-11,301078,15.57,14.92,15.69,14.83,69799,106871395.0,5.52,-4.17,-0.65,8.24
2022-04-12,301078,14.79,15.2,15.51,14.49,80208,120329207.0,6.84,1.88,0.28,9.47
2022-04-13,301078,15.15,14.46,15.16,14.37,70264,103518685.0,5.2,-4.87,-0.74,8.3
2022-04-14,301078,14.54,14.61,14.76,14.23,88934,130035632.0,3.67,1.04,0.15,9.95
2022-04-15,301078,14.41,15.23,16.18,14.3,211630,330318048.0,12.87,4.24,0.62,23.67
2022-04-18,301078,14.68,15.1,15.25,14.31,113657,169288693.0,6.17,-0.85,-0.13,12.71
2022-04-19,301078,14.82,15.65,15.81,14.82,136276,211499693.0,6.56,3.64,0.55,15.24
2022-04-20,301078,15.51,15.58,16.0,15.35,117711,185611620.0,4.15,-0.45,-0.07,13.17
2022-04-21,301078,15.45,14.72,15.78,14.65,107716,163973158.0,7.25,-5.52,-0.86,12.05
2022-04-22,301078,14.52,15.01,15.15,14.47,105133,157289560.0,4.62,1.97,0.29,11.76
2022-04-25,301078,15.01,13.45,15.02,13.42,130974,184650701.0,10.66,-10.39,-1.56,14.65
2022-04-26,301078,13.46,13.49,13.99,13.36,100539,138605954.0,4.68,0.3,0.04,11.24
2022-04-27,301078,12.91,13.35,13.63,12.33,113011,147737049.0,9.64,-1.04,-0.14,12.64
2022-04-28,301078,13.27,12.7,13.27,12.56,94926,122437008.0,5.32,-4.87,-0.65,10.62
2022-04-29,301078,12.76,13.54,13.79,12.76,115466,156364305.0,8.11,6.61,0.84,12.91
2022-05-05,301078,13.38,13.91,14.08,13.31,77348,107370983.0,5.69,2.73,0.37,8.65
2022-05-06,301078,13.46,13.62,14.21,13.43,72911,101241697.0,5.61,-2.08,-0.29,8.15
2022-05-09,301078,13.61,13.91,14.14,13.54,56239,78935653.0,4.41,2.13,0.29,6.29
2022-05-10,301078,13.84,14.12,14.16,13.7,66286,93515959.0,3.31,1.51,0.21,7.41
2022-05-11,301078,14.12,14.15,14.41,14.02,89000,127353431.0,2.76,0.21,0.03,9.95
2022-05-12,301078,13.93,14.47,15.19,13.79,142344,208802394.0,9.89,2.26,0.32,15.92
2022-05-13,301078,14.19,14.14,14.58,14.11,81456,117037896.0,3.25,-2.28,-0.33,9.11
2022-05-16,301078,14.14,14.26,14.38,13.82,77097,109390093.0,3.96,0.85,0.12,8.62
2022-05-17,301078,14.21,13.96,14.21,13.62,58964,82277430.0,4.14,-2.1,-0.3,6.59
2022-05-18,301078,14.0,14.21,14.56,13.93,83395,120209407.0,4.51,1.79,0.25,9.33
2022-05-19,301078,13.91,14.45,14.86,13.61,153066,219421721.0,8.8,1.69,0.24,17.12
2022-05-20,301078,14.41,14.62,14.78,14.07,153452,224303680.0,4.91,1.18,0.17,17.16
2022-05-23,301078,14.56,14.96,15.14,14.51,141209,210846699.0,4.31,2.33,0.34,15.79
2022-05-24,301078,14.77,13.81,14.92,13.76,122989,176909467.0,7.75,-7.69,-1.15,13.76
2022-05-25,301078,13.74,14.17,14.18,13.74,65994,93004277.0,3.19,2.61,0.36,7.38
2022-05-26,301078,14.14,14.2,14.36,13.89,54629,77623017.0,3.32,0.21,0.03,6.11
2022-05-27,301078,14.2,14.48,14.51,14.06,85859,123690443.0,3.17,1.97,0.28,9.6
2022-05-30,301078,14.51,14.75,14.84,14.33,100532,147912213.0,3.52,1.86,0.27,11.24
2022-05-31,301078,14.71,14.69,14.8,14.28,77281,113133188.0,3.53,-0.41,-0.06,8.64
2022-06-01,301078,14.67,14.4,14.79,14.21,91399,133331648.0,3.95,-1.97,-0.29,10.22
2022-06-02,301078,14.34,14.1,14.4,13.93,64461,91439284.0,3.26,-2.08,-0.3,7.21
2022-06-06,301078,14.01,14.19,14.26,14.01,53633,76304273.0,1.77,0.64,0.09,6.0
2022-06-07,301078,14.22,13.94,14.44,13.73,87793,123679156.0,5.0,-1.76,-0.25,9.82
2022-06-08,301078,13.93,13.8,14.0,13.37,67175,92460930.0,4.52,-1.0,-0.14,7.51
2022-06-09,301078,13.76,13.23,13.76,13.14,58900,78989171.0,4.49,-4.13,-0.57,6.59
2022-06-10,301078,13.23,13.28,13.41,13.11,34289,45804154.0,2.27,0.38,0.05,3.83
2022-06-13,301078,13.13,13.35,13.43,13.08,35629,47691750.0,2.64,0.53,0.07,3.98
2022-06-14,301078,13.22,13.24,13.29,12.82,45789,60268280.0,3.52,-0.82,-0.11,5.12
2022-06-15,301078,13.28,13.2,13.53,13.19,51555,69459869.0,2.57,-0.3,-0.04,5.77
2022-06-16,301078,13.26,13.91,14.29,13.21,129172,179127303.0,8.18,5.38,0.71,14.45
2022-06-17,301078,13.91,13.66,13.91,13.43,70298,96603066.0,3.45,-1.8,-0.25,7.86
2022-06-20,301078,13.67,13.92,14.07,13.56,68829,95826839.0,3.73,1.9,0.26,7.7
2022-06-21,301078,13.9,14.01,14.48,13.75,97465,137783470.0,5.24,0.65,0.09,10.9
2022-06-22,301078,13.88,13.62,14.01,13.58,64049,88541378.0,3.07,-2.78,-0.39,7.16
2022-06-23,301078,13.62,13.86,14.18,13.51,71421,99778605.0,4.92,1.76,0.24,7.99
2022-06-24,301078,13.86,14.26,14.41,13.73,118876,168191975.0,4.91,2.89,0.4,13.3
2022-06-27,301078,14.44,14.31,14.58,14.08,103126,148298844.0,3.51,0.35,0.05,11.53
2022-06-28,301078,14.32,14.26,14.32,14.05,55341,78981982.0,1.89,-0.35,-0.05,6.19
2022-06-29,301078,14.2,13.89,14.33,13.89,60263,85563204.0,3.09,-2.59,-0.37,6.74
2022-06-30,301078,13.89,14.59,14.94,13.85,131364,189730310.0,7.85,5.04,0.7,14.65
2022-07-01,301078,14.33,14.15,14.43,14.03,94837,135167981.0,2.74,-3.02,-0.44,10.58
2022-07-04,301078,14.11,14.25,14.48,13.96,76874,110003488.0,3.67,0.71,0.1,8.57
2022-07-05,301078,14.18,13.96,14.51,13.74,69415,98344836.0,5.4,-2.04,-0.29,7.74
2022-07-06,301078,14.02,13.78,14.03,13.49,51412,70786822.0,3.87,-1.29,-0.18,5.73
2022-07-07,301078,13.85,14.73,14.92,13.75,164216,238038052.0,8.49,6.89,0.95,18.31
2022-07-08,301078,14.43,15.16,15.58,14.43,213008,320899136.0,7.81,2.92,0.43,23.75
2022-07-11,301078,14.93,14.86,15.3,14.83,117644,178102564.0,3.1,-1.98,-0.3,13.12
2022-07-12,301078,14.93,14.54,15.17,14.51,98378,146505472.0,4.44,-2.15,-0.32,10.97
2022-07-13,301078,14.38,15.22,15.51,14.26,147378,224421437.0,8.6,4.68,0.68,16.43
2022-07-14,301078,15.05,15.23,15.57,14.86,126580,193865889.0,4.66,0.07,0.01,14.12
2022-07-15,301078,15.03,15.35,15.73,14.88,154795,239844493.0,5.58,0.79,0.12,17.26
2022-07-18,301078,15.19,15.92,16.16,14.89,177615,279083158.0,8.27,3.71,0.57,19.81
2022-07-19,301078,15.72,16.03,16.34,15.56,190820,305966275.0,4.9,0.69,0.11,21.28
2022-07-20,301078,15.89,15.68,16.09,15.35,145072,228847517.0,4.62,-2.18,-0.35,16.18
2022-07-21,301078,15.72,15.16,15.92,15.11,108309,167971496.0,5.17,-3.32,-0.52,12.08
2022-07-22,301078,15.13,15.33,15.42,14.95,83873,128078734.0,3.1,1.12,0.17,9.35
2022-07-25,301078,15.23,15.48,15.78,15.04,86769,134753977.0,4.83,0.98,0.15,9.68
2022-07-26,301078,15.33,15.33,15.89,14.96,103881,160198154.0,6.01,-0.97,-0.15,11.58
2022-07-27,301078,15.15,15.85,16.22,15.13,156992,249074279.0,7.11,3.39,0.52,17.51
2022-07-28,301078,15.83,15.8,16.17,15.63,116477,185300218.0,3.41,-0.32,-0.05,12.99
2022-07-29,301078,15.61,15.3,15.72,15.24,74428,115739002.0,3.04,-3.16,-0.5,8.3
2022-08-01,301078,15.17,14.73,15.4,14.66,88289,133095726.0,4.84,-3.73,-0.57,9.85
2022-08-02,301078,14.43,13.31,14.43,13.26,121957,166615222.0,7.94,-9.64,-1.42,13.6
2022-08-03,301078,13.41,13.29,13.88,13.21,76202,103994280.0,5.03,-0.15,-0.02,8.5
2022-08-04,301078,13.42,13.58,13.68,13.33,39216,53296464.0,2.63,2.18,0.29,4.37
2022-08-05,301078,13.51,13.63,13.92,13.33,63124,86119290.0,4.34,0.37,0.05,7.04
2022-08-08,301078,13.61,13.88,14.17,13.4,73071,101886025.0,5.65,1.83,0.25,8.15
2022-08-09,301078,13.94,14.02,14.42,13.94,80066,114146648.0,3.46,1.01,0.14,8.93
2022-08-10,301078,13.99,14.27,14.5,13.85,75295,107677728.0,4.64,1.78,0.25,8.4
2022-08-11,301078,14.58,14.98,15.26,14.28,114604,170762611.0,6.87,4.98,0.71,12.78
2022-08-12,301078,15.13,15.19,15.43,14.84,83846,127983936.0,3.94,1.4,0.21,9.35
2022-08-15,301078,15.17,15.71,16.25,15.03,146790,230686362.0,8.03,3.42,0.52,16.37
2022-08-16,301078,15.66,16.05,16.09,15.58,119694,191496021.0,3.25,2.16,0.34,13.35
2022-08-17,301078,15.73,15.28,16.04,14.65,203577,312298501.0,8.66,-4.8,-0.77,22.7
2022-08-18,301078,15.3,15.0,15.35,14.89,90418,137017182.0,3.01,-1.83,-0.28,10.08
2022-08-19,301078,14.96,14.55,15.09,14.49,76321,113155390.0,4.0,-3.0,-0.45,8.51
2022-08-22,301078,14.53,14.29,14.76,14.27,57100,82843316.0,3.37,-1.79,-0.26,6.37
2022-08-23,301078,14.3,14.38,14.46,13.98,56362,80499865.0,3.36,0.63,0.09,6.29
2022-08-24,301078,14.33,14.31,14.62,13.78,99781,142443962.0,5.84,-0.49,-0.07,11.13
2022-08-25,301078,14.3,13.89,14.3,13.79,70372,98708754.0,3.56,-2.94,-0.42,7.85
2022-08-26,301078,14.03,13.88,14.27,13.8,47965,67457956.0,3.38,-0.07,-0.01,5.35
2022-08-29,301078,13.63,13.87,13.93,13.49,31929,44239687.0,3.17,-0.07,-0.01,3.56
2022-08-30,301078,13.82,13.95,14.21,13.73,36267,50888222.0,3.46,0.58,0.08,4.04
2022-08-31,301078,13.91,13.75,13.98,13.64,37621,52122795.0,2.44,-1.43,-0.2,4.2
2022-09-01,301078,13.8,13.99,14.12,13.68,55320,77619176.0,3.2,1.75,0.24,6.17
2022-09-02,301078,13.9,13.94,14.1,13.85,35711,50064496.0,1.79,-0.36,-0.05,3.98
2022-09-05,301078,13.95,13.63,13.96,13.55,37958,52211978.0,2.94,-2.22,-0.31,4.23
2022-09-06,301078,13.68,13.76,13.87,13.35,43037,58909310.0,3.82,0.95,0.13,4.8
2022-09-07,301078,13.68,13.48,13.7,13.46,39984,54549846.0,1.74,-2.03,-0.28,4.46
2022-09-08,301078,13.49,13.36,13.76,13.2,54261,73221585.0,4.15,-0.89,-0.12,6.05
2022-09-09,301078,13.33,13.39,13.44,13.22,33537,45004595.0,1.65,0.22,0.03,3.74
2022-09-13,301078,13.39,13.45,13.6,13.32,45383,61568326.0,2.09,0.45,0.06,5.06
2022-09-14,301078,13.28,13.51,13.57,13.13,55959,75376524.0,3.27,0.45,0.06,6.24
2022-09-15,301078,13.51,13.18,13.66,13.0,60338,81074536.0,4.89,-2.44,-0.33,6.73
2022-09-16,301078,13.05,12.36,13.13,12.36,84286,106678087.0,5.84,-6.22,-0.82,9.4
2022-09-19,301078,12.27,11.99,12.36,11.83,65684,79720797.0,4.29,-2.99,-0.37,7.32
2022-09-20,301078,12.07,12.65,12.69,12.07,80257,100839513.0,5.17,5.5,0.66,8.95
2022-09-21,301078,12.6,12.74,12.98,12.55,54423,69891152.0,3.4,0.71,0.09,6.07
2022-09-22,301078,12.68,12.33,12.97,12.3,52479,66361377.0,5.26,-3.22,-0.41,5.85
2022-09-23,301078,12.32,11.98,12.36,11.93,41900,51021809.0,3.49,-2.84,-0.35,4.67
2022-09-26,301078,11.97,11.5,11.97,11.48,45965,54029167.0,4.09,-4.01,-0.48,5.13
2022-09-27,301078,11.53,12.13,12.13,11.49,47034,56042769.0,5.57,5.48,0.63,5.24
2022-09-28,301078,12.02,11.68,12.09,11.67,32276,38542195.0,3.46,-3.71,-0.45,3.6
2022-09-29,301078,11.78,11.45,11.92,11.35,51656,59949069.0,4.88,-1.97,-0.23,5.76
2022-09-30,301078,11.45,11.23,11.58,11.23,34877,39937506.0,3.06,-1.92,-0.22,3.89
2022-10-10,301078,11.22,10.72,11.28,10.64,36366,40019115.0,5.7,-4.54,-0.51,4.06
2022-10-11,301078,10.78,10.58,10.78,10.35,30017,31901173.0,4.01,-1.31,-0.14,3.35
2022-10-12,301078,10.55,10.86,10.88,10.43,40925,43907625.0,4.25,2.65,0.28,4.56
2022-10-13,301078,10.78,10.97,11.27,10.77,47396,52777673.0,4.6,1.01,0.11,5.29
2022-10-14,301078,11.03,11.24,11.36,10.98,64754,73180854.0,3.46,2.46,0.27,1.05
2022-10-17,301078,11.21,11.05,11.48,10.99,126229,141596878.0,4.36,-1.69,-0.19,2.05
2022-10-18,301078,11.05,10.78,11.05,10.62,123636,134106137.0,3.89,-2.44,-0.27,2.01
2022-10-19,301078,10.65,10.4,10.73,10.36,116261,122549360.0,3.43,-3.53,-0.38,1.89
2022-10-20,301078,10.05,10.12,10.31,10.0,126938,129641119.0,2.98,-2.69,-0.28,2.06
2022-10-21,301078,10.3,10.21,10.61,10.15,209803,218026153.0,4.55,0.89,0.09,3.41
2022-10-24,301078,10.14,9.94,10.32,9.83,136620,138829214.0,4.8,-2.64,-0.27,2.22
2022-10-25,301078,9.78,10.05,10.15,9.73,113997,114642713.0,4.23,1.11,0.11,1.85
2022-10-26,301078,10.18,10.27,10.38,10.09,98851,101892906.0,2.89,2.19,0.22,1.6
2022-10-27,301078,10.48,10.44,10.73,10.39,113306,119989418.0,3.31,1.66,0.17,1.84
2022-10-28,301078,10.47,9.87,10.66,9.85,82387,84265660.0,7.76,-5.46,-0.57,1.34
2022-10-31,301078,9.81,9.93,10.11,9.81,64748,65018128.0,3.04,0.61,0.06,1.05
2022-11-01,301078,10.08,10.24,10.26,10.01,77111,78622552.0,2.52,3.12,0.31,1.25
2022-11-02,301078,10.13,10.49,10.54,10.13,90216,94817235.0,4.0,2.44,0.25,1.46
2022-11-03,301078,10.37,10.43,10.49,10.24,74337,77578695.0,2.38,-0.57,-0.06,1.21
2022-11-04,301078,10.39,10.69,10.76,10.39,94350,100978614.0,3.55,2.49,0.26,1.53
2022-11-07,301078,10.75,10.73,10.78,10.55,68154,73286795.0,2.15,0.37,0.04,1.11
2022-11-08,301078,10.72,10.65,10.78,10.57,50781,54346939.0,1.96,-0.75,-0.08,0.83
2022-11-09,301078,10.68,10.58,10.74,10.53,56624,60656319.0,1.97,-0.66,-0.07,0.91
2022-11-10,301078,10.51,10.87,10.91,10.51,127861,138995321.0,3.78,2.74,0.29,2.05
2022-11-11,301078,11.08,10.7,11.13,10.63,175573,191833569.0,4.6,-1.56,-0.17,2.82
2022-11-14,301078,10.61,10.59,10.77,10.51,70707,75726178.0,2.43,-1.03,-0.11,1.14
2022-11-15,301078,10.54,10.8,10.81,10.54,84059,90803815.0,2.55,1.98,0.21,1.35
2022-11-16,301078,10.73,10.88,11.17,10.68,109980,121448925.0,4.54,0.74,0.08,1.77
2022-11-17,301078,10.83,10.99,11.06,10.83,79007,87248755.0,2.11,1.01,0.11,1.27
2022-11-18,301078,11.08,11.4,11.58,11.05,250254,286675135.0,4.82,3.73,0.41,4.02
2022-11-21,301078,11.25,11.09,11.36,10.83,157173,173785547.0,4.65,-2.72,-0.31,2.52
2022-11-22,301078,10.98,10.82,11.28,10.79,120495,133364220.0,4.42,-2.43,-0.27,1.94
2022-11-23,301078,10.78,11.11,11.36,10.41,170941,187459975.0,8.78,2.68,0.29,2.75
2022-11-24,301078,10.98,10.68,11.02,10.65,120311,130870493.0,3.33,-3.87,-0.43,1.94
2022-11-25,301078,10.68,10.85,11.08,10.52,120918,131399492.0,5.24,1.59,0.17,1.95
2022-11-28,301078,10.74,10.57,11.1,10.49,146053,157767419.0,5.62,-2.58,-0.28,2.35
2022-11-29,301078,10.52,11.31,11.4,10.52,250461,278765948.0,8.33,7.0,0.74,4.04
2022-11-30,301078,11.36,12.07,12.19,11.1,295723,348800387.0,9.64,6.72,0.76,4.76
2022-12-01,301078,12.07,13.04,14.18,12.07,371864,486331754.0,17.48,8.04,0.97,5.99
2022-12-02,301078,12.88,13.29,13.38,12.68,262195,344239439.0,5.37,1.92,0.25,4.22
2022-12-05,301078,13.03,12.46,13.29,12.37,225899,287639894.0,6.92,-6.25,-0.83,3.64
2022-12-06,301078,12.33,12.73,12.99,12.33,188654,241706765.0,5.3,2.17,0.27,3.04
2022-12-07,301078,12.66,12.99,13.51,12.58,161525,212670713.0,7.31,2.04,0.26,2.6
2022-12-08,301078,12.92,12.66,13.43,12.6,123191,158461273.0,6.39,-2.54,-0.33,1.98
2022-12-09,301078,12.59,12.94,13.11,12.46,128405,165537825.0,5.13,2.21,0.28,2.07
2022-12-12,301078,12.92,13.12,13.37,12.75,139039,183047800.0,4.79,1.39,0.18,2.24
2022-12-13,301078,12.88,13.73,14.09,12.79,213025,291303747.0,9.91,4.65,0.61,3.43
2022-12-14,301078,13.43,14.03,14.23,13.21,210821,291736313.0,7.43,2.18,0.3,3.4
2022-12-15,301078,13.93,13.3,13.96,13.2,189582,257815035.0,5.42,-5.2,-0.73,3.05
2022-12-16,301078,13.31,13.39,13.61,13.01,110997,149065457.0,4.51,0.68,0.09,1.79
2022-12-19,301078,13.03,12.78,13.37,12.66,120934,156951475.0,5.3,-4.56,-0.61,1.95
2022-12-20,301078,12.65,12.72,12.88,12.47,70283,89282495.0,3.21,-0.47,-0.06,1.13
2022-12-21,301078,12.66,12.9,13.06,12.59,73872,95773165.0,3.69,1.42,0.18,1.19
2022-12-22,301078,12.93,13.06,13.43,12.76,94021,124675513.0,5.19,1.24,0.16,1.51
2022-12-23,301078,12.9,12.71,13.18,12.54,67411,86391314.0,4.9,-2.68,-0.35,1.09
2022-12-26,301078,12.63,12.91,13.03,12.44,50190,64916062.0,4.64,1.57,0.2,0.81
2022-12-27,301078,12.88,13.01,13.23,12.54,68374,88624202.0,5.34,0.77,0.1,1.1
2022-12-28,301078,12.86,12.82,13.52,12.8,92281,122080472.0,5.53,-1.46,-0.19,1.49
2022-12-29,301078,12.78,12.6,13.06,12.51,96082,123041185.0,4.29,-1.72,-0.22,1.55
2022-12-30,301078,12.73,12.88,13.1,12.65,76560,98932233.0,3.57,2.22,0.28,1.23
2023-01-03,301078,12.88,12.71,13.18,12.54,113406,145791074.0,4.97,-1.32,-0.17,1.82
2023-01-04,301078,12.58,12.08,12.7,12.03,141160,174059654.0,5.27,-4.96,-0.63,2.27
2023-01-05,301078,12.08,12.24,12.58,12.05,99795,123499920.0,4.39,1.32,0.16,1.6
2023-01-06,301078,12.25,12.34,12.46,12.06,68932,85192816.0,3.27,0.82,0.1,1.11
2023-01-09,301078,12.33,12.68,12.88,12.23,93335,118582609.0,5.27,2.76,0.34,1.5
2023-01-10,301078,12.61,12.77,13.02,12.52,86448,111178302.0,3.94,0.71,0.09,1.39
2023-01-11,301078,12.92,13.32,13.56,12.63,223801,295845242.0,7.28,4.31,0.55,3.59
2023-01-12,301078,13.1,13.04,13.46,12.8,145628,191467824.0,4.95,-2.1,-0.28,2.34
2023-01-13,301078,12.93,13.33,13.33,12.71,151076,199470852.0,4.75,2.22,0.29,2.43
2023-01-16,301078,13.25,13.43,13.52,13.02,186847,249000622.0,3.75,0.75,0.1,3.0
2023-01-17,301078,13.23,12.36,13.24,12.28,210218,266672256.0,7.15,-7.97,-1.07,3.38
2023-01-18,301078,12.24,12.53,12.93,12.14,164704,208055740.0,6.39,1.38,0.17,2.65
2023-01-19,301078,12.43,11.65,12.48,11.49,221415,264106381.0,7.9,-7.02,-0.88,3.56
2023-01-20,301078,11.65,11.77,12.09,11.63,116103,138611979.0,3.95,1.03,0.12,1.86
2023-01-30,301078,11.91,12.92,13.22,11.9,323424,409363464.0,11.21,9.77,1.15,5.2
2023-01-31,301078,12.92,12.74,13.26,12.68,195972,254188216.0,4.49,-1.39,-0.18,3.15
2023-02-01,301078,12.75,13.2,13.51,12.66,245770,323830911.0,6.67,3.61,0.46,3.95
2023-02-02,301078,13.12,13.03,13.21,12.84,163147,213036272.0,2.8,-1.29,-0.17,2.62
2023-02-03,301078,13.03,13.22,13.26,12.92,161460,212551624.0,2.61,1.46,0.19,2.59
2023-02-06,301078,13.23,13.07,13.43,12.94,157478,208471134.0,3.71,-1.13,-0.15,2.53
2023-02-07,301078,13.01,13.23,13.37,12.97,135130,179282098.0,3.06,1.22,0.16,2.17
2023-02-08,301078,13.23,13.25,13.29,13.09,92722,123154613.0,1.51,0.15,0.02,1.49
2023-02-09,301078,13.16,13.4,13.42,13.03,129585,172421413.0,2.94,1.13,0.15,2.08
2023-02-10,301078,13.33,13.65,13.88,13.31,209953,286775451.0,4.25,1.87,0.25,3.37
2023-02-13,301078,13.65,13.97,14.11,13.41,209369,289798314.0,5.13,2.34,0.32,3.36
2023-02-14,301078,13.97,13.79,13.99,13.61,119201,165121811.0,2.72,-1.29,-0.18,1.91
2023-02-15,301078,13.67,13.68,13.93,13.55,117352,161621049.0,2.76,-0.8,-0.11,1.89
2023-02-16,301078,13.63,13.31,14.01,13.09,165108,227105351.0,6.73,-2.7,-0.37,2.65
2023-02-17,301078,13.36,13.32,13.65,13.25,118937,160748712.0,3.01,0.08,0.01,1.91
2023-02-20,301078,13.38,14.01,14.13,13.36,232546,323400840.0,5.78,5.18,0.69,3.74
2023-02-21,301078,13.93,14.68,14.68,13.77,280144,401773070.0,6.5,4.78,0.67,4.5
2023-02-22,301078,14.43,14.35,15.21,14.33,242642,356079226.0,5.99,-2.25,-0.33,3.9
2023-02-23,301078,14.5,14.45,15.03,14.44,230613,340308504.0,4.11,0.7,0.1,3.7
2023-02-24,301078,14.32,14.19,14.45,14.0,150775,215168182.0,3.11,-1.8,-0.26,2.42
2023-02-27,301078,14.22,14.65,14.65,14.08,173625,251505969.0,4.02,3.24,0.46,2.79
2023-02-28,301078,14.43,14.94,15.11,14.4,210189,313015135.0,4.85,1.98,0.29,3.38
2023-03-01,301078,14.73,15.08,15.43,14.55,240703,361992351.0,5.89,0.94,0.14,3.87
2023-03-02,301078,14.93,14.71,15.12,14.53,150000,223276295.0,3.91,-2.45,-0.37,2.41
2023-03-03,301078,14.64,15.05,15.16,14.62,173542,260335585.0,3.67,2.31,0.34,2.79
2023-03-06,301078,14.77,13.46,14.82,13.3,329546,457803263.0,10.1,-10.56,-1.59,5.29
2023-03-07,301078,13.35,13.15,13.44,12.95,151807,200377225.0,3.64,-2.3,-0.31,2.44
2023-03-08,301078,12.96,13.15,13.23,12.94,100158,131949368.0,2.21,0.0,0.0,1.61
2023-03-09,301078,13.15,12.71,13.15,12.63,117670,151274915.0,3.95,-3.35,-0.44,1.89
2023-03-10,301078,12.59,12.78,12.9,12.53,67735,86831666.0,2.91,0.55,0.07,1.09
2023-03-13,301078,12.73,12.73,12.82,12.46,65632,83521254.0,2.82,-0.39,-0.05,1.05
2023-03-14,301078,12.72,12.2,12.72,12.19,83832,104518891.0,4.16,-4.16,-0.53,1.35
2023-03-15,301078,12.23,12.2,12.41,12.18,51874,64116342.0,1.89,0.0,0.0,0.83
2023-03-16,301078,12.25,12.47,12.69,12.2,99387,124617560.0,4.02,2.21,0.27,1.6
2023-03-17,301078,12.47,12.56,12.67,12.38,83075,104490558.0,2.33,0.72,0.09,1.33
2023-03-20,301078,12.45,12.28,12.56,12.25,55111,68294035.0,2.47,-2.23,-0.28,0.89
2023-03-21,301078,12.3,12.43,12.5,12.2,45945,57256674.0,2.44,1.22,0.15,0.74
2023-03-22,301078,12.45,12.38,12.58,12.35,49198,61567868.0,1.85,-0.4,-0.05,0.79
2023-03-23,301078,12.28,11.9,12.4,11.77,133178,160790293.0,5.09,-3.88,-0.48,2.14
2023-03-24,301078,11.91,12.05,12.12,11.88,65148,78883887.0,2.02,1.26,0.15,1.05
2023-03-27,301078,12.0,11.71,12.12,11.61,93163,110202333.0,4.23,-2.82,-0.34,1.5
2023-03-28,301078,11.71,11.59,11.8,11.55,66244,77608258.0,2.13,-1.02,-0.12,1.06
2023-03-29,301078,11.53,11.45,11.67,11.44,45819,53185504.0,1.98,-1.21,-0.14,0.74
2023-03-30,301078,11.44,11.55,11.59,11.31,48316,55812379.0,2.45,0.87,0.1,0.78
2023-03-31,301078,11.46,11.61,11.8,11.44,70527,82642723.0,3.12,0.52,0.06,1.13
2023-04-03,301078,11.6,11.84,11.89,11.51,72901,86113607.0,3.27,1.98,0.23,1.17
2023-04-04,301078,11.75,11.58,11.84,11.51,63997,74924134.0,2.79,-2.2,-0.26,1.03
2023-04-06,301078,11.62,11.5,11.67,11.44,43802,50894184.0,1.99,-0.69,-0.08,0.7
2023-04-07,301078,11.5,11.5,11.59,11.49,36934,42852063.0,0.87,0.0,0.0,0.59
2023-04-10,301078,11.71,11.66,11.8,11.55,69161,81273492.0,2.17,1.39,0.16,1.11
2023-04-11,301078,11.65,11.52,11.65,11.35,50043,57793469.0,2.57,-1.2,-0.14,0.8
2023-04-12,301078,11.52,11.42,11.67,11.37,46293,53469132.0,2.6,-0.87,-0.1,0.74
2023-04-13,301078,11.42,11.67,11.69,11.37,81929,95317530.0,2.8,2.19,0.25,1.32
2023-04-14,301078,11.55,11.59,11.66,11.49,51758,60203775.0,1.46,-0.69,-0.08,0.83
2023-04-17,301078,11.55,11.52,11.65,11.48,43392,50419951.0,1.47,-0.6,-0.07,0.7
2023-04-18,301078,11.52,10.96,11.53,10.93,109207,122094732.0,5.21,-4.86,-0.56,1.75
2023-04-19,301078,10.96,10.93,11.0,10.71,66511,72837714.0,2.65,-0.27,-0.03,1.07
2023-04-20,301078,10.93,10.77,10.97,10.68,50065,54310093.0,2.65,-1.46,-0.16,0.8
2023-04-21,301078,10.83,10.52,11.01,10.51,59992,64875580.0,4.64,-2.32,-0.25,0.96
2023-04-24,301078,10.55,10.44,10.57,10.35,62823,66035103.0,2.09,-0.76,-0.08,1.01
2023-04-25,301078,10.36,10.19,10.52,9.93,84469,86595817.0,5.65,-2.39,-0.25,1.36
2023-04-26,301078,10.26,10.47,10.59,10.22,69962,73712811.0,3.63,2.75,0.28,1.12
2023-04-27,301078,10.43,10.41,10.56,10.34,54301,57062414.0,2.1,-0.57,-0.06,0.87
2023-04-28,301078,10.07,10.83,10.97,10.07,114983,123120075.0,8.65,4.03,0.42,1.85
2023-05-04,301078,10.87,11.04,11.06,10.7,114317,125489340.0,3.32,1.94,0.21,1.84
2023-05-05,301078,10.94,11.1,11.35,10.87,177736,199096380.0,4.35,0.54,0.06,2.85
2023-05-08,301078,11.04,10.8,11.06,10.63,170033,184782166.0,3.87,-2.7,-0.3,2.73
2023-05-09,301078,10.73,10.53,10.79,10.51,76674,81938243.0,2.59,-2.5,-0.27,1.23
2023-05-10,301078,10.54,11.31,11.57,10.46,268572,303115395.0,10.54,7.41,0.78,4.31
2023-05-11,301078,11.32,11.35,11.7,11.13,187583,214774439.0,5.04,0.35,0.04,3.01
2023-05-12,301078,12.3,12.93,13.63,11.73,944387,1199638227.0,16.74,13.92,1.58,15.17
2023-05-15,301078,12.62,12.43,13.43,12.15,588619,745795039.0,9.9,-3.87,-0.5,9.45
2023-05-16,301078,11.91,10.83,12.01,10.75,548925,623091543.0,10.14,-12.87,-1.6,8.82
2023-05-17,301078,10.83,11.45,11.63,10.63,379523,430737440.0,9.23,5.72,0.62,6.1
2023-05-18,301078,11.34,12.56,13.05,11.23,602373,737057540.0,15.9,9.69,1.11,9.68
2023-05-19,301078,12.3,12.19,12.56,11.95,331794,408864063.0,4.86,-2.95,-0.37,5.33
2023-05-22,301078,12.07,11.92,12.38,11.79,232157,280196172.0,4.84,-2.21,-0.27,3.73
2023-05-23,301078,11.98,11.41,12.14,11.39,322712,378237412.0,6.29,-4.28,-0.51,5.18
2023-05-24,301078,11.33,11.52,11.88,11.33,255757,297723171.0,4.82,0.96,0.11,4.11
2023-05-25,301078,11.51,11.1,11.64,10.92,294832,331370949.0,6.25,-3.65,-0.42,4.74
2023-05-26,301078,11.07,11.77,11.83,10.76,371175,427745397.0,9.64,6.04,0.67,5.96
2023-05-29,301078,11.98,12.07,12.49,11.83,496033,607978458.0,5.61,2.55,0.3,7.97
2023-05-30,301078,11.67,12.01,12.07,11.34,341871,403430314.0,6.05,-0.5,-0.06,5.49
2023-05-31,301078,11.72,12.34,12.43,11.72,411692,501962664.0,5.91,2.75,0.33,6.61
2023-06-01,301078,12.07,11.84,12.26,11.81,348210,419704871.0,3.65,-4.05,-0.5,5.59
2023-06-02,301078,11.86,11.45,11.97,11.41,286148,334020075.0,4.73,-3.29,-0.39,4.6
2023-06-05,301078,11.51,11.37,11.56,11.28,164704,189314782.0,2.45,-0.7,-0.08,2.65
2023-06-06,301078,11.42,12.01,12.29,11.27,547919,655500709.0,8.97,5.63,0.64,8.8
2023-06-07,301078,11.86,12.48,12.7,11.68,663360,819333828.0,8.49,3.91,0.47,10.66
2023-06-08,301078,12.52,12.21,12.52,12.04,342132,420395143.0,3.85,-2.16,-0.27,5.5
2023-06-09,301078,12.22,13.06,13.08,12.03,561160,713938191.0,8.6,6.96,0.85,9.01
2023-06-12,301078,12.92,12.67,13.06,12.62,455583,585794712.0,3.37,-2.99,-0.39,7.32
2023-06-13,301078,12.58,13.35,13.67,12.42,645828,856992223.0,9.87,5.37,0.68,10.37
2023-06-14,301078,13.6,13.42,13.69,13.18,419633,564549286.0,3.82,0.52,0.07,6.74
2023-06-15,301078,13.21,13.01,13.51,12.98,353030,468576925.0,3.95,-3.06,-0.41,5.67
2023-06-16,301078,13.02,13.03,13.39,12.78,289253,379676443.0,4.69,0.15,0.02,4.65
2023-06-19,301078,13.23,13.05,13.34,12.89,327771,432554837.0,3.45,0.15,0.02,5.26
2023-06-20,301078,12.65,12.81,12.99,12.44,233463,299949499.0,4.21,-1.84,-0.24,3.75
2023-06-21,301078,12.81,12.63,13.29,12.6,222233,289422647.0,5.39,-1.41,-0.18,3.57
2023-06-26,301078,12.33,11.82,12.51,11.73,214100,258865653.0,6.18,-6.41,-0.81,3.44
2023-06-27,301078,11.81,11.81,12.14,11.79,132427,158722295.0,2.96,-0.08,-0.01,2.13
2023-06-28,301078,11.82,11.33,11.85,11.19,208380,238471641.0,5.59,-4.06,-0.48,3.35
2023-06-29,301078,11.3,11.28,11.41,11.15,131368,149140060.0,2.29,-0.44,-0.05,2.11
2023-06-30,301078,11.24,11.36,11.55,11.17,129062,148119855.0,3.37,0.71,0.08,2.07
2023-07-03,301078,11.28,11.41,11.47,11.26,105496,120807603.0,1.85,0.44,0.05,1.69
2023-07-04,301078,11.45,11.32,11.45,11.25,102798,117167088.0,1.75,-0.79,-0.09,1.65
2023-07-05,301078,11.35,10.99,11.36,10.96,159377,177785658.0,3.53,-2.92,-0.33,2.56
2023-07-06,301078,10.92,10.95,11.08,10.87,85867,94861214.0,1.91,-0.36,-0.04,1.38
2023-07-07,301078,10.91,10.83,10.98,10.78,79827,87248929.0,1.83,-1.1,-0.12,1.28
2023-07-10,301078,10.81,10.98,11.15,10.81,89925,99667536.0,3.14,1.39,0.15,1.44
2023-07-11,301078,10.93,11.05,11.08,10.87,84712,93684422.0,1.91,0.64,0.07,1.36
2023-07-12,301078,10.93,11.09,11.17,10.89,130007,144485691.0,2.53,0.36,0.04,2.09
2023-07-13,301078,11.02,11.2,11.24,11.01,138552,155478931.0,2.07,0.99,0.11,2.23
2023-07-14,301078,11.17,10.97,11.22,10.83,135445,150230295.0,3.48,-2.05,-0.23,2.18
2023-07-17,301078,10.93,10.8,10.94,10.73,71564,77808326.0,1.91,-1.55,-0.17,1.15
2023-07-18,301078,10.73,10.79,10.88,10.73,57656,62658965.0,1.39,-0.09,-0.01,0.93
2023-07-19,301078,10.73,10.81,10.96,10.73,58556,63930805.0,2.13,0.19,0.02,0.94
2023-07-20,301078,10.97,11.04,11.19,10.96,189885,211638405.0,2.13,2.13,0.23,3.05
2023-07-21,301078,10.99,11.18,11.38,10.94,204311,230147198.0,3.99,1.27,0.14,3.28
2023-07-24,301078,10.93,10.82,10.97,10.64,130973,142851908.0,2.95,-3.22,-0.36,2.1
2023-07-25,301078,10.91,11.17,11.3,10.83,177003,198293928.0,4.34,3.23,0.35,2.84
2023-07-26,301078,11.17,11.34,11.43,11.03,179908,203573465.0,3.58,1.52,0.17,2.89
2023-07-27,301078,11.18,10.99,11.33,10.91,169722,189723144.0,3.7,-3.09,-0.35,2.73
2023-07-28,301078,10.88,11.24,11.36,10.86,208205,235039258.0,4.55,2.27,0.25,3.34
2023-07-31,301078,11.23,11.43,11.58,11.19,207960,238634318.0,3.47,1.69,0.19,3.34
2023-08-01,301078,11.41,11.23,11.41,11.18,120455,136516826.0,2.01,-1.75,-0.2,1.93
2023-08-02,301078,11.2,11.18,11.38,11.1,118977,134079984.0,2.49,-0.45,-0.05,1.91
2023-08-03,301078,11.16,11.18,11.23,11.05,84685,94990663.0,1.61,0.0,0.0,1.36
2023-08-04,301078,11.18,11.1,11.3,11.08,116424,130777978.0,1.97,-0.72,-0.08,1.87
2023-08-07,301078,11.07,10.99,11.12,10.88,94532,104484085.0,2.16,-0.99,-0.11,1.52
2023-08-08,301078,10.94,10.91,11.03,10.84,76512,83990588.0,1.73,-0.73,-0.08,1.23
2023-08-09,301078,10.85,10.91,11.05,10.84,63850,70252316.0,1.92,0.0,0.0,1.03
2023-08-10,301078,11.02,10.8,11.11,10.79,127386,140107960.0,2.93,-1.01,-0.11,2.05
2023-08-11,301078,10.74,10.39,10.83,10.27,163282,173079894.0,5.19,-3.8,-0.41,2.62
2023-08-14,301078,10.31,10.41,10.45,10.27,62684,65416954.0,1.73,0.19,0.02,1.01
2023-08-15,301078,10.38,10.36,10.45,10.26,57968,60395058.0,1.83,-0.48,-0.05,0.93
2023-08-16,301078,10.36,10.27,10.45,10.25,53974,56124849.0,1.93,-0.87,-0.09,0.87
2023-08-17,301078,10.22,10.27,10.32,10.16,77566,80016704.0,1.56,0.0,0.0,1.25
2023-08-18,301078,10.25,9.96,10.29,9.95,101048,102715565.0,3.31,-3.02,-0.31,1.62
2023-08-21,301078,9.96,9.86,10.08,9.81,77334,77406518.0,2.71,-1.0,-0.1,1.24
2023-08-22,301078,9.87,9.86,9.94,9.62,93844,92314360.0,3.25,0.0,0.0,1.51
2023-08-23,301078,9.82,9.57,9.84,9.57,64036,62396920.0,2.74,-2.94,-0.29,1.03
2023-08-24,301078,9.57,9.58,9.73,9.51,56473,54643577.0,2.3,0.1,0.01,0.91
2023-08-25,301078,9.58,9.37,9.64,9.35,68443,65297615.0,3.03,-2.19,-0.21,1.1
2023-08-28,301078,9.81,9.56,9.95,9.55,105092,102714996.0,4.27,2.03,0.19,1.7
2023-08-29,301078,9.49,9.85,9.86,9.44,90383,88704998.0,4.39,3.03,0.29,1.46
2023-08-30,301078,9.83,9.82,9.9,9.71,91737,90610996.0,1.93,-0.3,-0.03,1.48
2023-08-31,301078,9.81,9.72,9.84,9.7,48050,47126736.0,1.43,-1.02,-0.1,0.78
2023-09-01,301078,10.11,10.34,11.13,9.96,392468,416107905.0,12.04,6.38,0.62,6.35
2023-09-04,301078,10.07,10.27,10.28,9.98,253894,258478671.0,2.9,-0.68,-0.07,4.11
2023-09-05,301078,10.17,10.1,10.25,10.06,125684,128005096.0,1.85,-1.66,-0.17,2.03
2023-09-06,301078,10.11,10.06,10.38,10.04,143073,146267187.0,3.37,-0.4,-0.04,2.31
2023-09-07,301078,9.99,9.8,10.09,9.79,129511,129147298.0,2.98,-2.58,-0.26,2.09
2023-09-08,301078,9.9,9.82,10.01,9.81,93982,93666006.0,2.04,0.2,0.02,1.52
2023-09-11,301078,9.74,9.91,9.92,9.65,89336,88138771.0,2.75,0.92,0.09,1.44
2023-09-12,301078,9.86,9.83,9.9,9.79,51554,51055846.0,1.11,-0.81,-0.08,0.83
2023-09-13,301078,9.79,9.7,9.84,9.61,70545,69043341.0,2.34,-1.32,-0.13,1.14
2023-09-14,301078,9.67,9.65,9.72,9.6,44129,42875593.0,1.24,-0.52,-0.05,0.71
2023-09-15,301078,9.66,9.7,9.78,9.63,51155,49997967.0,1.55,0.52,0.05,0.83
2023-09-18,301078,9.66,9.82,9.87,9.59,73073,71839927.0,2.89,1.24,0.12,1.18
2023-09-19,301078,9.79,9.86,9.91,9.7,72345,71470204.0,2.14,0.41,0.04,1.17
2023-09-20,301078,9.79,9.9,10.11,9.78,127102,127545802.0,3.35,0.41,0.04,2.06
2023-09-21,301078,9.85,9.53,9.97,9.52,99181,96881766.0,4.55,-3.74,-0.37,1.6
2023-09-22,301078,9.46,9.71,9.73,9.43,86544,83464285.0,3.15,1.89,0.18,1.4
2023-09-25,301078,9.63,9.51,9.7,9.48,56082,54025759.0,2.27,-2.06,-0.2,0.91
2023-09-26,301078,9.47,9.42,9.55,9.38,61634,58746398.0,1.79,-0.95,-0.09,1.0
2023-09-27,301078,9.38,9.43,9.52,9.36,51388,48921109.0,1.7,0.11,0.01,0.83
2023-09-28,301078,9.49,9.5,9.5,9.44,41361,39458237.0,0.64,0.74,0.07,0.67
2023-10-09,301078,9.49,9.3,9.49,9.28,61007,57556031.0,2.21,-2.11,-0.2,0.99
2023-10-10,301078,9.33,9.32,9.39,9.26,46322,43501943.0,1.4,0.22,0.02,0.75
2023-10-11,301078,9.39,9.38,9.49,9.29,54512,51549572.0,2.15,0.64,0.06,0.88
2023-10-12,301078,9.46,9.43,9.46,9.36,48110,45574041.0,1.07,0.53,0.05,0.78
2023-10-13,301078,9.36,8.98,9.39,8.91,150573,137136524.0,5.09,-4.77,-0.45,2.44
2023-10-16,301078,8.99,8.9,9.0,8.79,84812,75718983.0,2.34,-0.89,-0.08,1.34
2023-10-17,301078,8.9,8.93,9.02,8.84,67878,61111968.0,2.02,0.34,0.03,1.07
2023-10-18,301078,8.92,8.66,8.92,8.64,73127,64355511.0,3.14,-3.02,-0.27,1.15
2023-10-19,301078,8.66,8.51,8.73,8.49,79531,68981046.0,2.77,-1.73,-0.15,1.25
2023-10-20,301078,8.48,8.36,8.54,8.31,95267,80664198.0,2.7,-1.76,-0.15,1.5
2023-10-23,301078,8.25,8.09,8.33,8.02,90899,74655127.0,3.71,-3.23,-0.27,1.43
2023-10-24,301078,8.08,8.26,8.32,8.08,83803,69601614.0,2.97,2.1,0.17,1.32
2023-10-25,301078,8.35,8.37,8.44,8.3,90584,76456346.0,1.69,1.33,0.11,1.43
2023-10-26,301078,8.26,8.36,8.37,8.19,71333,59608677.0,2.15,-0.12,-0.01,1.12
2023-10-27,301078,8.29,8.38,8.46,8.24,134286,113683451.0,2.63,0.24,0.02,2.11
2023-10-30,301078,8.31,8.49,8.54,8.31,88886,75890292.0,2.74,1.31,0.11,1.4
2023-10-31,301078,8.52,8.56,8.72,8.48,124796,107867030.0,2.83,0.82,0.07,1.96
2023-11-01,301078,8.63,8.56,8.68,8.53,89002,77063599.0,1.75,0.0,0.0,1.4
2023-11-02,301078,8.41,8.48,8.58,8.39,92986,79619966.0,2.22,-0.93,-0.08,1.46
2023-11-03,301078,8.45,8.57,8.62,8.45,65390,56455976.0,2.0,1.06,0.09,1.03
2023-11-06,301078,8.6,8.71,8.71,8.57,94309,82279491.0,1.63,1.63,0.14,1.48
2023-11-07,301078,8.71,8.73,8.75,8.61,99146,86798034.0,1.61,0.23,0.02,1.56
2023-11-08,301078,8.72,8.72,8.77,8.64,85813,75390068.0,1.49,-0.11,-0.01,1.35
2023-11-09,301078,8.68,8.72,8.78,8.66,85149,74794115.0,1.38,0.0,0.0,1.34
2023-11-10,301078,8.71,8.7,8.75,8.58,79967,69889763.0,1.95,-0.23,-0.02,1.26
2023-11-13,301078,8.72,8.75,8.79,8.69,69645,61319255.0,1.15,0.57,0.05,1.1
2023-11-14,301078,8.72,8.77,8.8,8.69,71924,63451810.0,1.26,0.23,0.02,1.13
2023-11-15,301078,8.8,8.82,8.88,8.78,79335,70500818.0,1.14,0.57,0.05,1.25
2023-11-16,301078,8.8,8.84,8.87,8.73,85998,76423057.0,1.59,0.23,0.02,1.35
2023-11-17,301078,8.84,8.87,8.9,8.74,103133,91819274.0,1.81,0.34,0.03,1.62
2023-11-20,301078,8.85,8.94,8.95,8.79,89621,80359718.0,1.8,0.79,0.07,1.41
2023-11-21,301078,8.94,8.92,9.02,8.87,101229,91394518.0,1.68,-0.22,-0.02,1.59
2023-11-22,301078,8.86,8.89,8.99,8.86,81595,73561447.0,1.46,-0.34,-0.03,1.28
2023-11-23,301078,8.84,8.93,8.95,8.81,81447,72933572.0,1.57,0.45,0.04,1.28
2023-11-24,301078,8.93,8.89,8.99,8.84,63948,57379476.0,1.68,-0.45,-0.04,1.01
2023-11-27,301078,8.83,8.7,8.89,8.64,91943,80747249.0,2.81,-2.14,-0.19,1.45
2023-11-28,301078,8.73,8.82,8.86,8.65,89972,79631741.0,2.41,1.38,0.12,1.42
2023-11-29,301078,8.81,8.76,8.88,8.76,86538,76859529.0,1.36,-0.68,-0.06,1.36
2023-11-30,301078,8.78,8.71,8.78,8.62,65137,57171904.0,1.83,-0.57,-0.05,1.03
2023-12-01,301078,8.71,8.82,8.86,8.69,109857,97377286.0,1.95,1.26,0.11,1.73
2023-12-04,301078,8.82,8.75,8.85,8.7,89442,78869643.0,1.7,-0.79,-0.07,1.41
2023-12-05,301078,8.75,8.53,8.75,8.53,83582,72911064.0,2.51,-2.51,-0.22,1.32
2023-12-06,301078,8.55,8.85,8.96,8.51,214061,189198309.0,5.28,3.75,0.32,3.37
2023-12-07,301078,8.78,8.86,8.91,8.65,285488,253085032.0,2.94,0.11,0.01,4.49
2023-12-08,301078,8.89,8.83,9.26,8.78,432642,392970386.0,5.42,-0.34,-0.03,6.81
2023-12-11,301078,8.53,8.68,8.71,8.23,252446,217451942.0,5.44,-1.7,-0.15,3.97
2023-12-12,301078,8.67,8.91,8.93,8.63,187846,166945657.0,3.46,2.65,0.23,2.96
2023-12-13,301078,8.96,8.67,9.02,8.65,234699,208364379.0,4.15,-2.69,-0.24,3.69
2023-12-14,301078,8.58,8.59,8.86,8.57,174785,153273769.0,3.34,-0.92,-0.08,2.75
2023-12-15,301078,8.57,8.38,8.65,8.37,144548,123088431.0,3.26,-2.44,-0.21,2.28
2023-12-18,301078,8.36,8.12,8.39,8.1,98546,81486166.0,3.46,-3.1,-0.26,1.55
2023-12-19,301078,8.12,8.15,8.25,8.07,66022,54364861.0,2.22,0.37,0.03,1.04
2023-12-20,301078,8.16,7.94,8.17,7.94,89055,72171836.0,2.82,-2.58,-0.21,1.4
2023-12-21,301078,7.92,8.05,8.07,7.86,82237,66196777.0,2.64,1.39,0.11,1.29
2023-12-22,301078,8.03,8.03,8.1,7.95,90922,73637477.0,1.86,-0.25,-0.02,1.43
2023-12-25,301078,8.0,7.93,8.05,7.89,57832,46365499.0,1.99,-1.25,-0.1,0.91
2023-12-26,301078,7.93,7.78,7.94,7.72,63876,50210694.0,2.77,-1.89,-0.15,1.01
2023-12-27,301078,7.77,7.82,7.87,7.7,52628,41331189.0,2.19,0.51,0.04,0.83
2023-12-28,301078,7.82,8.06,8.13,7.73,98881,79428977.0,5.12,3.07,0.24,1.56
2023-12-29,301078,8.05,8.14,8.15,8.0,65031,53222547.0,1.86,0.99,0.08,1.02
2024-01-02,301078,8.14,8.09,8.17,8.07,47715,39037615.0,1.23,-0.61,-0.05,0.75
2024-01-03,301078,8.09,8.09,8.15,8.02,53091,43269664.0,1.61,0.0,0.0,0.84
2024-01-04,301078,8.07,8.02,8.09,7.96,52239,42218077.0,1.61,-0.87,-0.07,0.82
2024-01-05,301078,7.99,7.87,8.05,7.83,62767,50270646.0,2.74,-1.87,-0.15,0.99
2024-01-08,301078,7.87,7.74,7.98,7.74,70598,56005859.0,3.05,-1.65,-0.13,1.11
2024-01-09,301078,7.74,7.79,7.89,7.73,70481,55500878.0,2.07,0.65,0.05,1.11
2024-01-10,301078,7.8,8.15,8.19,7.8,257613,209563855.0,5.01,4.62,0.36,4.06
2024-01-11,301078,8.03,8.08,8.08,7.9,189432,152654057.0,2.21,-0.86,-0.07,2.98
2024-01-12,301078,7.99,8.05,8.14,7.99,117855,95924964.0,1.86,-0.37,-0.03,1.86
2024-01-15,301078,7.98,8.15,8.33,7.96,151830,125283411.0,4.6,1.24,0.1,2.39
2024-01-16,301078,8.06,8.0,8.13,7.88,121299,97694787.0,3.07,-1.84,-0.15,1.91
2024-01-17,301078,7.98,7.63,7.98,7.63,134155,105005585.0,4.38,-4.63,-0.37,2.11
2024-01-18,301078,7.56,7.41,7.57,7.21,119786,88908545.0,4.72,-2.88,-0.22,1.89
2024-01-19,301078,7.39,7.4,7.61,7.34,79489,60020676.0,3.64,-0.13,-0.01,1.25
2024-01-22,301078,7.4,6.88,7.43,6.81,108476,77684048.0,8.38,-7.03,-0.52,1.71
2024-01-23,301078,6.84,6.94,6.99,6.72,83727,58163413.0,3.92,0.87,0.06,1.32
2024-01-24,301078,7.03,7.12,7.17,6.9,93726,66855101.0,3.89,2.59,0.18,1.48
2024-01-25,301078,7.11,7.28,7.3,7.08,79283,57633566.0,3.09,2.25,0.16,1.25
2024-01-26,301078,7.23,7.2,7.35,7.18,72925,53516046.0,2.34,-1.1,-0.08,1.15
2024-01-29,301078,7.24,7.02,7.27,6.97,78990,56451474.0,4.17,-2.5,-0.18,1.24
2024-01-30,301078,7.04,6.72,7.04,6.68,64464,44782062.0,5.13,-4.27,-0.3,1.01
2024-01-31,301078,6.71,6.51,6.82,6.43,93630,62586145.0,5.8,-3.13,-0.21,1.47
2024-02-01,301078,6.46,6.49,6.56,6.24,83566,54247870.0,4.92,-0.31,-0.02,1.32
2024-02-02,301078,6.53,6.26,6.65,5.97,94908,60438473.0,10.48,-3.54,-0.23,1.49
2024-02-05,301078,6.23,5.66,6.23,5.48,133063,77911053.0,11.98,-9.58,-0.6,2.09
2024-02-06,301078,5.57,6.0,6.09,5.43,133742,77638973.0,11.66,6.01,0.34,2.11
2024-02-07,301078,6.04,6.36,6.41,5.94,148910,94576817.0,7.83,6.0,0.36,2.34
2024-02-08,301078,6.41,6.72,6.86,6.41,158710,107386374.0,7.08,5.66,0.36,2.5
2024-02-19,301078,6.78,6.79,6.98,6.65,133315,91487703.0,4.91,1.04,0.07,2.1
2024-02-20,301078,6.74,6.71,6.75,6.56,78986,53142321.0,2.8,-1.18,-0.08,1.24
2024-02-21,301078,6.68,6.83,7.02,6.61,112714,78259138.0,6.11,1.79,0.12,1.77
2024-02-22,301078,6.81,6.94,6.95,6.81,88036,61247647.0,2.05,1.61,0.11,1.39
2024-02-23,301078,6.94,7.09,7.14,6.9,127661,90508617.0,3.46,2.16,0.15,2.01
2024-02-26,301078,7.1,7.15,7.21,6.97,125531,90015973.0,3.39,0.85,0.06,1.98
2024-02-27,301078,7.13,7.33,7.36,7.06,133938,98183134.0,4.2,2.52,0.18,2.11
2024-02-28,301078,7.33,6.87,7.53,6.86,195807,143422234.0,9.14,-6.28,-0.46,3.08
2024-02-29,301078,6.92,7.14,7.16,6.92,108852,77667443.0,3.49,3.93,0.27,1.71
2024-03-01,301078,7.14,7.29,7.31,7.1,127590,92927329.0,2.94,2.1,0.15,2.01
2024-03-04,301078,7.28,7.89,8.06,7.18,404340,309904621.0,12.07,8.23,0.6,6.37
2024-03-05,301078,7.57,7.35,7.63,7.32,348061,261237685.0,3.93,-6.84,-0.54,5.48
2024-03-06,301078,7.25,7.36,7.51,7.07,261653,191841989.0,5.99,0.14,0.01,4.12
2024-03-07,301078,7.23,7.01,7.28,7.01,182361,131575970.0,3.67,-4.76,-0.35,2.87
2024-03-08,301078,7.06,7.02,7.09,6.93,95301,67393463.0,2.28,0.14,0.01,1.5
2024-03-11,301078,6.94,7.08,7.09,6.93,94916,67422107.0,2.28,0.85,0.06,1.49
2024-03-12,301078,7.09,7.15,7.15,7.03,120946,86724146.0,1.69,0.99,0.07,1.9
2024-03-13,301078,7.16,7.11,7.16,7.03,124002,88874844.0,1.82,-0.56,-0.04,1.95
2024-03-14,301078,7.09,7.0,7.14,6.9,122621,86916968.0,3.38,-1.55,-0.11,1.93
2024-03-15,301078,6.98,7.03,7.11,6.94,103769,73481513.0,2.43,0.43,0.03,1.63
2024-03-18,301078,7.01,7.08,7.09,6.97,126955,90083261.0,1.71,0.71,0.05,2.0
2024-03-19,301078,7.06,7.02,7.12,7.02,98407,70215047.0,1.41,-0.85,-0.06,1.55
2024-03-20,301078,7.04,7.38,7.6,7.0,369642,274192568.0,8.55,5.13,0.36,5.82
2024-03-21,301078,7.51,7.3,7.52,7.24,279336,207476539.0,3.79,-1.08,-0.08,4.4
2024-03-22,301078,7.25,6.99,7.27,6.93,213600,151888971.0,4.66,-4.25,-0.31,3.36
2024-03-25,301078,7.39,7.09,7.7,7.06,365929,273015940.0,9.16,1.43,0.1,5.76
2024-03-26,301078,6.9,6.71,6.97,6.55,300601,204888314.0,5.92,-5.36,-0.38,4.73
2024-03-27,301078,6.71,6.42,6.73,6.41,137125,91050679.0,4.77,-4.32,-0.29,2.16
2024-03-28,301078,6.34,6.47,6.59,6.33,179078,117364467.0,4.05,0.78,0.05,2.82
2024-03-29,301078,6.47,6.4,6.49,6.28,135555,87380630.0,3.25,-1.08,-0.07,2.13
2024-04-01,301078,6.41,6.64,6.65,6.4,186295,123965713.0,3.91,3.75,0.24,2.93
2024-04-02,301078,6.68,6.65,6.68,6.51,130578,86985173.0,2.56,0.15,0.01,2.06
2024-04-03,301078,6.77,6.72,6.86,6.66,216087,147157001.0,3.01,1.05,0.07,3.4
2024-04-08,301078,6.66,6.35,6.67,6.34,168676,110431917.0,4.91,-5.51,-0.37,2.66
2024-04-09,301078,6.31,6.56,6.56,6.3,128788,84180425.0,4.09,3.31,0.21,2.03
2024-04-10,301078,6.53,6.36,6.53,6.29,102456,66088750.0,3.66,-3.05,-0.2,1.61
2024-04-11,301078,6.31,6.4,6.49,6.29,83640,54282532.0,3.14,0.63,0.04,1.32
2024-04-12,301078,6.38,6.29,6.44,6.28,88236,56778302.0,2.5,-1.72,-0.11,1.39
2024-04-15,301078,6.25,5.98,6.33,5.86,135317,82651152.0,7.47,-4.93,-0.31,2.13
2024-04-16,301078,5.93,5.53,6.05,5.5,138681,79431764.0,9.2,-7.53,-0.45,2.18
2024-04-17,301078,5.59,5.95,5.97,5.58,126629,74680272.0,7.05,7.59,0.42,1.99
2024-04-18,301078,5.94,5.86,5.98,5.78,101396,60439714.0,3.36,-1.51,-0.09,1.6
2024-04-19,301078,5.87,5.71,5.88,5.69,86683,50467848.0,3.24,-2.56,-0.15,1.36
2024-04-22,301078,5.7,5.78,5.85,5.56,90482,52582231.0,5.08,1.23,0.07,1.42
2024-04-23,301078,5.81,5.92,6.0,5.8,103213,61692486.0,3.46,2.42,0.14,1.62
2024-04-24,301078,5.93,6.0,6.02,5.84,94810,57109015.0,3.04,1.35,0.08,1.49
2024-04-25,301078,6.09,6.07,6.17,6.04,110544,68154774.0,2.17,1.17,0.07,1.74
2024-04-26,301078,6.06,6.22,6.25,6.01,110569,68877062.0,3.95,2.47,0.15,1.74
2024-04-29,301078,6.23,6.41,6.44,6.23,101214,65253981.0,3.38,3.05,0.19,1.59
2024-04-30,301078,6.43,6.4,6.46,6.31,89091,57481704.0,2.34,-0.16,-0.01,1.4
2024-05-06,301078,6.47,6.43,6.57,6.41,101997,66841119.0,2.5,0.47,0.03,1.61
2024-05-07,301078,6.41,6.44,6.48,6.4,73482,47814353.0,1.24,0.16,0.01,1.16
2024-05-08,301078,6.44,6.35,6.47,6.34,81226,52513041.0,2.02,-1.4,-0.09,1.28
2024-05-09,301078,6.4,6.47,6.63,6.38,137575,90512842.0,3.94,1.89,0.12,2.17
2024-05-10,301078,6.41,6.31,6.47,6.28,117735,75507467.0,2.94,-2.47,-0.16,1.85
2024-05-13,301078,6.28,6.08,6.31,6.06,106860,66241545.0,3.96,-3.65,-0.23,1.68
2024-05-14,301078,6.11,6.25,6.3,6.11,90837,57159065.0,3.13,2.8,0.17,1.43
2024-05-15,301078,6.22,6.23,6.3,6.17,59604,37593039.0,2.08,-0.32,-0.02,0.94
2024-05-16,301078,6.26,6.35,6.41,6.24,84240,54002422.0,2.73,1.93,0.12,1.33
2024-05-17,301078,6.32,6.35,6.43,6.28,82196,52601826.0,2.36,0.0,0.0,1.29
2024-05-20,301078,6.33,6.42,6.48,6.27,117760,76252253.0,3.31,1.1,0.07,1.85
2024-05-21,301078,6.39,6.48,6.53,6.3,168855,110216826.0,3.58,0.93,0.06,2.66
2024-05-22,301078,6.45,6.63,6.68,6.45,194213,129546358.0,3.55,2.31,0.15,3.06
2024-05-23,301078,6.56,6.4,6.6,6.38,130332,84926123.0,3.32,-3.47,-0.23,2.05
2024-05-24,301078,6.38,6.32,6.57,6.28,135310,87317111.0,4.53,-1.25,-0.08,2.13
2024-05-27,301078,6.4,6.26,6.43,6.13,97001,61185379.0,4.75,-0.95,-0.06,1.53
2024-05-28,301078,6.2,6.21,6.38,6.11,117505,73998271.0,4.31,-0.8,-0.05,1.85
2024-05-29,301078,6.16,6.14,6.26,6.11,70619,44053576.0,2.42,-1.13,-0.07,1.11
2024-05-30,301078,6.15,6.06,6.15,6.01,71988,44186696.0,2.28,-1.3,-0.08,1.13
2024-05-31,301078,6.09,6.15,6.2,6.08,72505,45152955.0,1.98,1.49,0.09,1.14
2024-06-03,301078,6.05,5.77,6.06,5.72,148995,88014362.0,5.53,-6.18,-0.38,2.35
2024-06-04,301078,5.73,5.86,5.96,5.66,123907,72905293.0,5.2,1.56,0.09,1.95
2024-06-05,301078,5.81,5.7,5.85,5.7,79111,46292995.0,2.56,-2.73,-0.16,1.25
2024-06-06,301078,5.78,5.51,5.81,5.46,98426,55608835.0,6.14,-3.33,-0.19,1.55
2024-06-07,301078,5.55,5.58,5.63,5.48,71858,40468287.0,2.72,1.27,0.07,1.13
2024-06-11,301078,5.53,5.59,5.66,5.45,61467,34518684.0,3.76,0.18,0.01,0.97
2024-06-12,301078,5.57,5.6,5.69,5.57,80449,45914073.0,2.15,0.18,0.01,1.27
2024-06-13,301078,5.6,5.46,5.64,5.44,85177,47429433.0,3.57,-2.5,-0.14,1.34
2024-06-14,301078,5.47,5.49,5.51,5.33,96230,52869654.0,3.3,0.55,0.03,1.51
2024-06-17,301078,5.43,5.47,5.54,5.39,55817,30907931.0,2.73,-0.36,-0.02,0.88
2024-06-18,301078,5.46,5.49,5.54,5.41,85667,47512337.0,2.38,0.37,0.02,1.35
2024-06-19,301078,5.42,5.34,5.49,5.33,87646,47772190.0,2.91,-2.73,-0.15,1.35
2024-06-20,301078,5.33,5.12,5.36,5.11,121865,64047896.0,4.68,-4.12,-0.22,1.88
2024-06-21,301078,5.13,5.09,5.22,5.07,77058,40071397.0,2.93,-0.59,-0.03,1.19
2024-06-24,301078,5.01,4.84,5.03,4.83,140792,70035064.0,3.93,-4.91,-0.25,2.17
2024-06-25,301078,4.84,4.93,4.99,4.84,89538,44605868.0,3.1,1.86,0.09,1.38
2024-06-26,301078,4.93,5.08,5.1,4.88,105755,53477325.0,4.46,3.04,0.15,1.63
2024-06-27,301078,5.08,4.99,5.14,4.96,91261,46298759.0,3.54,-1.77,-0.09,1.41
2024-06-28,301078,5.01,5.04,5.2,4.95,149929,76065703.0,5.01,1.0,0.05,2.31
2024-07-01,301078,5.0,5.07,5.11,4.95,105928,53544549.0,3.17,0.6,0.03,1.64
2024-07-02,301078,5.09,5.21,5.29,5.05,190858,99664142.0,4.73,2.76,0.14,2.95
2024-07-03,301078,5.24,5.64,6.08,5.17,541962,308823581.0,17.47,8.25,0.43,8.37
2024-07-04,301078,5.32,5.35,5.49,5.27,397196,213978194.0,3.9,-5.14,-0.29,6.13
2024-07-05,301078,5.28,5.33,5.54,5.09,241151,128694577.0,8.41,-0.37,-0.02,3.72
2024-07-08,301078,5.28,5.05,5.33,5.01,234965,120762427.0,6.0,-5.25,-0.28,3.63
2024-07-09,301078,5.06,5.03,5.06,4.85,211202,105237915.0,4.16,-0.4,-0.02,3.26
2024-07-10,301078,4.98,4.98,5.16,4.9,189554,95547875.0,5.17,-0.99,-0.05,2.93
2024-07-11,301078,5.09,5.13,5.15,5.05,171884,88106045.0,2.01,3.01,0.15,2.65
2024-07-12,301078,5.11,5.31,5.37,5.1,253643,133973326.0,5.26,3.51,0.18,3.92
2024-07-15,301078,5.31,5.39,5.52,5.16,291596,156343612.0,6.78,1.51,0.08,4.5
2024-07-16,301078,5.29,5.27,5.33,5.19,197594,104123434.0,2.6,-2.23,-0.12,3.05
2024-07-17,301078,5.25,5.34,5.38,5.22,196355,105167124.0,3.04,1.33,0.07,3.03
2024-07-18,301078,5.27,5.45,5.46,5.19,221192,118936702.0,5.06,2.06,0.11,3.41
2024-07-19,301078,5.36,5.35,5.39,5.25,203108,108373657.0,2.57,-1.83,-0.1,3.14
2024-07-22,301078,5.33,5.24,5.35,5.19,149244,78658359.0,2.99,-2.06,-0.11,2.3
2024-07-23,301078,5.23,5.12,5.28,5.11,138911,72503829.0,3.24,-2.29,-0.12,2.14
2024-07-24,301078,5.08,5.06,5.17,5.04,101513,51832426.0,2.54,-1.17,-0.06,1.57
2024-07-25,301078,5.12,5.08,5.17,4.99,96063,49078235.0,3.56,0.4,0.02,1.48
2024-07-26,301078,5.09,5.21,5.25,5.09,113682,58998128.0,3.15,2.56,0.13,1.75
2024-07-29,301078,5.21,5.17,5.24,5.14,78579,40860182.0,1.92,-0.77,-0.04,1.21
2024-07-30,301078,5.14,5.23,5.26,5.14,88597,46408680.0,2.32,1.16,0.06,1.37
2024-07-31,301078,5.22,5.37,5.38,5.21,150432,80570191.0,3.25,2.68,0.14,2.32
2024-08-01,301078,5.38,5.36,5.41,5.32,125990,67839240.0,1.68,-0.19,-0.01,1.94
2024-08-02,301078,5.35,5.32,5.43,5.31,130795,70542922.0,2.24,-0.75,-0.04,2.02
2024-08-05,301078,5.36,5.27,5.46,5.25,215945,116565436.0,3.95,-0.94,-0.05,3.33
2024-08-06,301078,5.36,5.46,5.46,5.31,192470,104295820.0,2.85,3.61,0.19,2.97
2024-08-07,301078,5.49,5.52,5.64,5.38,307884,170222379.0,4.76,1.1,0.06,4.75
2024-08-08,301078,5.41,5.51,5.58,5.39,237991,131432259.0,3.44,-0.18,-0.01,3.67
2024-08-09,301078,5.49,5.37,5.53,5.37,154043,83953176.0,2.9,-2.54,-0.14,2.38
2024-08-12,301078,5.35,5.31,5.37,5.27,101011,53853154.0,1.86,-1.12,-0.06,1.56
2024-08-13,301078,5.28,5.29,5.32,5.2,89574,47254253.0,2.26,-0.38,-0.02,1.38
2024-08-14,301078,5.3,5.23,5.33,5.21,69593,36668260.0,2.27,-1.13,-0.06,1.07
2024-08-15,301078,5.18,5.29,5.35,5.18,93836,49675365.0,3.25,1.15,0.06,1.45
2024-08-16,301078,5.35,5.3,5.43,5.29,134065,72129008.0,2.65,0.19,0.01,2.07
2024-08-19,301078,5.28,5.2,5.31,5.18,107755,56562845.0,2.45,-1.89,-0.1,1.66
2024-08-20,301078,5.21,5.11,5.21,5.08,82925,42700337.0,2.5,-1.73,-0.09,1.28
2024-08-21,301078,5.11,5.02,5.13,5.01,76212,38769337.0,2.35,-1.76,-0.09,1.18
2024-08-22,301078,5.04,4.92,5.06,4.88,101012,50137107.0,3.59,-1.99,-0.1,1.56
2024-08-23,301078,4.9,4.9,4.94,4.83,89709,43967910.0,2.24,-0.41,-0.02,1.38
2024-08-26,301078,4.91,5.0,5.03,4.89,75858,37926533.0,2.86,2.04,0.1,1.17
2024-08-27,301078,4.99,4.93,5.02,4.92,54827,27284206.0,2.0,-1.4,-0.07,0.85
2024-08-28,301078,4.93,5.13,5.33,4.92,213744,109756127.0,8.32,4.06,0.2,3.3
2024-08-29,301078,5.07,5.2,5.21,5.04,163342,84051823.0,3.31,1.36,0.07,2.52
2024-08-30,301078,5.18,5.27,5.36,5.15,147335,77904854.0,4.04,1.35,0.07,2.27
2024-09-02,301078,5.28,5.18,5.32,5.17,120692,63653518.0,2.85,-1.71,-0.09,1.86
2024-09-03,301078,5.19,5.17,5.25,5.14,79731,41461674.0,2.12,-0.19,-0.01,1.23
2024-09-04,301078,5.17,5.12,5.25,5.11,91390,47311994.0,2.71,-0.97,-0.05,1.41
2024-09-05,301078,5.14,5.28,5.35,5.12,223865,118002798.0,4.49,3.13,0.16,3.46
2024-09-06,301078,5.28,5.21,5.33,5.18,159376,83878980.0,2.84,-1.33,-0.07,2.46
2024-09-09,301078,5.19,5.22,5.32,5.14,135990,71553198.0,3.45,0.19,0.01,2.1
2024-09-10,301078,5.23,5.24,5.26,5.12,129230,67387341.0,2.68,0.38,0.02,1.99
2024-09-11,301078,5.26,5.15,5.26,5.11,110864,57423429.0,2.86,-1.72,-0.09,1.71
2024-09-12,301078,5.16,5.3,5.4,5.16,256698,136317482.0,4.66,2.91,0.15,3.96
2024-09-13,301078,5.29,5.15,5.3,5.15,211685,110665911.0,2.83,-2.83,-0.15,3.27
2024-09-18,301078,5.16,5.24,5.27,5.12,184815,96540661.0,2.91,1.75,0.09,2.85
2024-09-19,301078,5.25,5.6,5.67,5.22,447115,246391227.0,8.59,6.87,0.36,6.9
2024-09-20,301078,5.61,5.65,5.71,5.41,462312,257766147.0,5.36,0.89,0.05,7.14
2024-09-23,301078,5.66,5.73,5.83,5.59,347802,199964009.0,4.25,1.42,0.08,5.37
2024-09-24,301078,5.74,6.3,6.39,5.71,521526,316494692.0,11.87,9.95,0.57,8.05
2024-09-25,301078,6.26,6.73,6.8,6.18,649482,427015693.0,9.84,6.83,0.43,10.03
2024-09-26,301078,6.6,6.86,6.91,6.53,477467,323422061.0,5.65,1.93,0.13,7.37
2024-09-27,301078,7.25,7.77,7.99,6.94,865943,640268047.0,15.31,13.27,0.91,13.37
2024-09-30,301078,8.14,9.32,9.32,8.1,925461,818821936.0,15.7,19.95,1.55,14.21
2024-10-08,301078,11.18,11.18,11.18,10.36,812578,901692027.0,8.8,19.96,1.86,12.48
2024-10-09,301078,10.32,10.92,12.95,9.96,1460381,1645588624.0,26.74,-2.33,-0.26,20.96
2024-10-10,301078,10.91,9.9,10.98,9.38,1178990,1202382382.0,14.65,-9.34,-1.02,16.86
2024-10-11,301078,9.93,9.69,10.69,9.45,1174728,1183345472.0,12.53,-2.12,-0.21,16.8
2024-10-14,301078,8.86,9.82,9.95,8.41,1312617,1178552516.0,15.89,1.34,0.13,18.77
2024-10-15,301078,9.63,9.27,9.98,9.22,764450,727209995.0,7.74,-5.6,-0.55,10.93
2024-10-16,301078,9.04,9.25,9.44,8.97,526131,483476006.0,5.07,-0.22,-0.02,7.52
2024-10-17,301078,9.25,9.55,9.99,9.15,718434,695679495.0,9.08,3.24,0.3,6.24
2024-10-18,301078,9.97,10.21,10.5,9.58,884655,892337739.0,9.63,6.91,0.66,7.68
2024-10-21,301078,9.9,10.8,10.98,9.89,898816,936395503.0,10.68,5.78,0.59,7.8
2024-10-22,301078,10.79,11.91,12.7,10.3,1311260,1526775292.0,22.22,10.28,1.11,11.38
2024-10-23,301078,11.67,11.21,12.0,11.03,1065716,1228365679.0,8.14,-5.88,-0.7,8.99
2024-10-24,301078,11.09,11.21,11.71,10.99,900519,1022400637.0,6.42,0.0,0.0,7.6
2024-10-25,301078,11.21,11.49,11.8,10.68,926368,1038187370.0,9.99,2.5,0.28,7.81
2024-10-28,301078,11.17,12.38,12.59,11.11,1221159,1458770078.0,12.88,7.75,0.89,10.1
2024-10-29,301078,12.5,11.6,13.49,11.38,2204712,2729957205.0,17.04,-6.3,-0.78,18.1
2024-10-30,301078,10.97,10.9,11.48,10.59,1232524,1357409912.0,7.67,-6.03,-0.7,10.12
2024-10-31,301078,10.75,11.18,11.6,10.66,1071166,1195307124.0,8.62,2.57,0.28,8.76
2024-11-01,301078,11.05,10.92,11.66,10.81,792735,884853358.0,7.6,-2.33,-0.26,6.49
2024-11-04,301078,10.66,11.01,11.04,10.4,603638,646652141.0,5.86,0.82,0.09,4.92
2024-11-05,301078,11.05,11.49,11.65,10.85,751275,855084342.0,7.27,4.36,0.48,6.1
2024-11-06,301078,11.5,11.51,11.97,11.19,834352,964872134.0,6.79,0.17,0.02,6.77
2024-11-07,301078,11.59,12.52,12.65,11.53,1041569,1271660808.0,9.73,8.77,1.01,8.46
2024-11-08,301078,12.61,12.95,13.05,12.18,1041530,1319245722.0,6.95,3.43,0.43,8.46
2024-11-11,301078,12.7,12.64,12.99,12.31,873071,1103499855.0,5.25,-2.39,-0.31,7.08
2024-11-12,301078,12.64,13.04,13.59,12.55,932039,1227708148.0,8.23,3.16,0.4,7.55
2024-11-13,301078,12.99,12.64,13.18,12.25,587014,738497930.0,7.13,-3.07,-0.4,4.76
2024-11-14,301078,12.64,11.58,13.14,10.51,1053915,1255478049.0,20.81,-8.39,-1.06,8.46
2024-11-15,301078,11.3,11.24,11.86,11.22,466098,536101048.0,5.53,-2.94,-0.34,3.74
2024-11-18,301078,11.45,11.33,11.8,11.16,487345,558706172.0,5.69,0.8,0.09,3.91
2024-11-19,301078,11.36,12.07,12.19,10.89,691506,797579786.0,11.47,6.53,0.74,5.55
2024-11-20,301078,12.09,12.99,13.21,11.99,778006,986555674.0,10.11,7.62,0.92,6.24
2024-11-21,301078,12.95,12.86,13.25,12.62,498675,645721572.0,4.85,-1.0,-0.13,4.0
2024-11-22,301078,12.85,12.66,13.2,12.43,624016,798532813.0,5.99,-1.56,-0.2,5.01
2024-11-25,301078,12.76,12.5,12.96,12.0,456709,562736520.0,7.58,-1.26,-0.16,3.66
2024-11-26,301078,12.6,14.09,15.0,12.5,1078950,1458605420.0,20.0,12.72,1.59,8.66
2024-11-27,301078,13.15,13.5,13.69,12.33,859975,1125820456.0,9.65,-4.19,-0.59,6.9
2024-11-28,301078,13.39,13.12,14.56,12.9,873129,1205764404.0,12.3,-2.81,-0.38,7.0
2024-11-29,301078,13.2,13.53,14.24,12.88,743617,1002578910.0,10.37,3.13,0.41,5.97
2024-12-02,301078,13.59,14.18,14.33,13.3,709547,988358539.0,7.61,4.8,0.65,5.69
2024-12-03,301078,14.08,14.65,14.97,13.66,679181,967036097.0,9.24,3.31,0.47,5.45
2024-12-04,301078,14.3,14.4,15.48,14.18,707163,1044983497.0,8.87,-1.71,-0.25,5.67
2024-12-05,301078,14.26,14.08,14.54,13.95,503494,713894024.0,4.1,-2.22,-0.32,4.04
2024-12-06,301078,14.28,14.46,14.66,14.0,480766,693812330.0,4.69,2.7,0.38,3.86
2024-12-09,301078,14.27,13.44,14.38,13.33,638043,873955189.0,7.26,-7.05,-1.02,5.12
2024-12-10,301078,14.61,13.56,14.85,13.41,846299,1187848583.0,10.71,0.89,0.12,6.79
2024-12-11,301078,13.63,14.01,14.29,13.49,652789,907758736.0,5.9,3.32,0.45,5.24
2024-12-12,301078,13.98,14.35,14.39,13.61,732825,1030975632.0,5.57,2.43,0.34,5.88
2024-12-13,301078,14.0,13.48,14.09,13.45,645982,888522198.0,4.46,-6.06,-0.87,5.18
2024-12-16,301078,13.26,13.32,13.96,13.09,520657,703792392.0,6.45,-1.19,-0.16,4.18
2024-12-17,301078,13.52,12.0,13.61,11.66,900033,1099577908.0,14.64,-9.91,-1.32,7.22
2024-12-18,301078,12.0,11.96,12.51,11.64,591956,715683818.0,7.25,-0.33,-0.04,4.75
2024-12-19,301078,11.64,11.7,11.9,11.36,522197,605668014.0,4.52,-2.17,-0.26,4.19
2024-12-20,301078,11.79,12.23,12.45,11.79,541306,660584515.0,5.64,4.53,0.53,4.34
2024-12-23,301078,12.1,11.3,12.24,11.28,446248,518895196.0,7.85,-7.6,-0.93,3.58
2024-12-24,301078,11.31,11.16,11.47,10.99,381681,424664731.0,4.25,-1.24,-0.14,3.06
2024-12-25,301078,11.15,11.08,11.32,10.69,404767,444787358.0,5.65,-0.72,-0.08,3.25
2024-12-26,301078,11.8,11.27,11.99,11.24,536483,615669423.0,6.77,1.71,0.19,4.3
2024-12-27,301078,11.21,11.26,11.71,11.2,437140,501002566.0,4.53,-0.09,-0.01,3.51
2024-12-30,301078,11.3,11.33,11.45,10.9,295654,332522180.0,4.88,0.62,0.07,2.37
2024-12-31,301078,11.35,11.38,11.85,11.27,535671,620917625.0,5.12,0.44,0.05,4.3
2025-01-02,301078,11.27,11.74,12.31,11.18,767121,909479477.0,9.93,3.16,0.36,6.16
2025-01-03,301078,11.86,10.7,11.89,10.62,652992,720630869.0,10.82,-8.86,-1.04,5.24
2025-01-06,301078,10.7,10.86,11.08,10.25,385111,415935606.0,7.76,1.5,0.16,3.09
2025-01-07,301078,10.81,11.23,11.28,10.75,351036,389637992.0,4.88,3.41,0.37,2.82
2025-01-08,301078,11.13,11.1,11.23,10.66,406975,444854523.0,5.08,-1.16,-0.13,3.27
2025-01-09,301078,11.0,11.74,12.3,11.0,694020,822769103.0,11.71,5.77,0.64,5.57
2025-01-10,301078,11.81,11.3,11.82,11.3,456288,526079727.0,4.43,-3.75,-0.44,3.66
2025-01-13,301078,11.03,11.2,11.5,10.83,313134,350052503.0,5.93,-0.88,-0.1,2.51
2025-01-14,301078,11.3,12.03,12.09,11.12,497829,585248107.0,8.66,7.41,0.83,4.0
2025-01-15,301078,12.02,12.49,12.58,11.82,603060,742342264.0,6.32,3.82,0.46,4.84
2025-01-16,301078,12.38,12.42,12.88,12.27,470312,588239944.0,4.88,-0.56,-0.07,3.77
2025-01-17,301078,12.31,12.25,12.71,12.01,418615,517954620.0,5.64,-1.37,-0.17,3.36
2025-01-20,301078,12.31,12.62,13.19,12.16,546900,697733130.0,8.41,3.02,0.37,4.39
2025-01-21,301078,12.8,13.18,13.31,12.76,541778,707685222.0,4.36,4.44,0.56,4.35
2025-01-22,301078,13.0,13.29,13.59,12.92,387896,515259133.0,5.08,0.83,0.11,3.11
2025-01-23,301078,13.5,13.23,13.68,13.2,288735,388204255.0,3.61,-0.45,-0.06,2.32
2025-01-24,301078,13.21,13.32,13.49,12.87,337635,444944298.0,4.69,0.68,0.09,2.71
2025-01-27,301078,13.22,12.81,13.46,12.7,255537,331816297.0,5.71,-3.83,-0.51,2.05
2025-02-05,301078,12.86,12.81,13.0,12.45,250114,319229794.0,4.29,0.0,0.0,2.01
2025-02-06,301078,12.79,12.82,12.98,12.4,315753,401941540.0,4.53,0.08,0.01,2.53
2025-02-07,301078,12.81,12.69,13.12,12.45,376102,480834484.0,5.23,-1.01,-0.13,3.02
2025-02-10,301078,12.67,13.2,13.26,12.56,521705,675795636.0,5.52,4.02,0.51,4.19
2025-02-11,301078,13.33,12.81,13.5,12.76,342206,444182639.0,5.61,-2.95,-0.39,2.75
2025-02-12,301078,12.72,13.26,13.56,12.53,458375,599196555.0,8.04,3.51,0.45,3.68
2025-02-13,301078,13.25,13.08,13.6,12.84,367060,483041679.0,5.73,-1.36,-0.18,2.95
2025-02-14,301078,13.03,12.82,13.09,12.68,285605,365456055.0,3.13,-1.99,-0.26,2.29
2025-02-17,301078,12.9,13.48,13.78,12.78,583660,781119330.0,7.8,5.15,0.66,4.68
2025-02-18,301078,13.35,12.89,13.62,12.82,452654,594532804.0,5.93,-4.38,-0.59,3.63
2025-02-19,301078,12.94,13.2,13.2,12.74,326631,424666332.0,3.57,2.4,0.31,2.62
2025-02-20,301078,13.17,14.25,14.5,13.09,677267,937035139.0,10.68,7.95,1.05,5.44
2025-02-21,301078,14.17,14.41,14.53,13.9,385667,550019876.0,4.42,1.12,0.16,3.1
2025-02-24,301078,14.6,14.24,15.0,13.98,457375,660344476.0,7.08,-1.18,-0.17,3.67
2025-02-25,301078,14.08,14.49,14.93,14.06,514042,749854372.0,6.11,1.76,0.25,4.13
2025-02-26,301078,14.36,14.4,14.54,13.92,406660,577463104.0,4.28,-0.62,-0.09,3.26
2025-02-27,301078,14.35,14.78,14.91,14.35,403303,593761559.0,3.89,2.64,0.38,3.24
2025-02-28,301078,14.9,14.19,14.99,14.04,372977,532117849.0,6.43,-3.99,-0.59,2.99
2025-03-03,301078,14.1,13.79,14.28,13.7,278779,390025701.0,4.09,-2.82,-0.4,2.24
2025-03-04,301078,13.7,14.05,14.16,13.52,383646,531875204.0,4.64,1.89,0.26,3.08
2025-03-05,301078,13.95,15.0,15.2,13.88,731201,1065035847.0,9.4,6.76,0.95,5.87
2025-03-06,301078,15.1,15.0,16.0,14.88,881885,1354240582.0,7.47,0.0,0.0,7.08
2025-03-07,301078,14.97,15.96,16.18,14.81,940716,1468737773.0,9.13,6.4,0.96,7.55
2025-03-10,301078,16.09,14.68,16.17,14.26,946646,1428359339.0,11.97,-8.02,-1.28,7.6
2025-03-11,301078,14.38,14.91,15.24,14.28,475869,708858194.0,6.54,1.57,0.23,3.82
2025-03-12,301078,14.91,14.37,14.95,14.21,430669,623928664.0,4.96,-3.62,-0.54,3.46
2025-03-13,301078,14.21,13.46,14.21,13.31,523712,715174665.0,6.26,-6.33,-0.91,4.2
2025-03-14,301078,13.8,16.15,16.15,13.7,1398573,2120952896.0,18.2,19.99,2.69,11.22
2025-03-17,301078,17.27,16.36,17.75,16.16,2145913,3624473558.0,9.85,1.3,0.21,17.22
2025-03-18,301078,16.53,15.35,16.68,15.3,1475676,2313378235.0,8.44,-6.17,-1.01,11.84
2025-03-19,301078,15.27,14.85,15.36,14.8,901879,1353002209.0,3.65,-3.26,-0.5,7.24
2025-03-20,301078,15.1,15.02,15.78,14.96,1046203,1600798232.0,5.52,1.14,0.17,8.4
2025-03-21,301078,14.57,14.05,14.96,14.0,819730,1178518784.0,6.39,-6.46,-0.97,6.58
2025-03-24,301078,13.95,14.27,14.38,13.61,592891,831834617.0,5.48,1.57,0.22,4.76
2025-03-25,301078,14.09,14.46,14.89,13.64,1059630,1522228463.0,8.76,1.33,0.19,8.5
2025-03-26,301078,14.0,14.02,14.68,13.8,693787,983787352.0,6.09,-3.04,-0.44,5.57
2025-03-27,301078,13.9,13.55,14.15,13.5,521208,722519830.0,4.64,-3.35,-0.47,4.18
2025-03-28,301078,13.37,13.09,13.55,13.09,498954,663281224.0,3.39,-3.39,-0.46,4.0
2025-03-31,301078,12.7,12.65,12.79,12.02,692216,858438360.0,5.88,-3.36,-0.44,5.56
2025-04-01,301078,12.76,12.37,12.81,12.36,376874,474468809.0,3.56,-2.21,-0.28,3.02
2025-04-02,301078,12.45,12.51,12.69,12.37,294369,368595712.0,2.59,1.13,0.14,2.36
2025-04-03,301078,12.26,12.35,12.68,12.26,414307,517018877.0,3.36,-1.28,-0.16,3.32
2025-04-07,301078,11.12,10.12,11.68,9.88,951468,1015269689.0,14.57,-18.06,-2.23,7.64
2025-04-08,301078,10.81,12.14,12.14,10.81,918715,1073135368.0,13.14,19.96,2.02,7.37
2025-04-09,301078,12.33,13.11,13.3,11.4,1682070,2089764796.0,15.65,7.99,0.97,13.5
2025-04-10,301078,12.6,14.24,15.11,12.6,1947606,2719316070.0,19.15,8.62,1.13,15.63
2025-04-11,301078,14.5,13.67,14.5,13.53,1454164,2008006214.0,6.81,-4.0,-0.57,11.67
2025-04-14,301078,13.88,14.04,14.37,13.43,1356116,1898513457.0,6.88,2.71,0.37,10.88
2025-04-15,301078,14.12,13.85,14.91,13.8,1470236,2100263544.0,7.91,-1.35,-0.19,11.8
2025-04-16,301078,13.87,14.14,14.19,13.6,989261,1378745212.0,4.26,2.09,0.29,7.94
2025-04-17,301078,13.77,14.06,14.47,13.73,954740,1346930813.0,5.23,-0.57,-0.08,7.66
2025-04-18,301078,13.92,13.61,14.0,13.33,784326,1065227150.0,4.77,-3.2,-0.45,6.29
2025-04-21,301078,13.35,13.92,13.99,13.35,698896,962005966.0,4.7,2.28,0.31,5.61
2025-04-22,301078,13.8,14.03,14.27,13.65,807032,1128790859.0,4.45,0.79,0.11,6.48
2025-04-23,301078,13.8,13.81,14.49,13.73,724289,1012995542.0,5.42,-1.57,-0.22,5.81
2025-04-24,301078,13.68,13.84,14.33,13.41,863653,1203913995.0,6.66,0.22,0.03,6.93
2025-04-25,301078,13.63,13.45,13.9,13.41,676830,920029987.0,3.54,-2.82,-0.39,5.39
2025-04-28,301078,13.45,12.93,13.5,12.7,661995,859223075.0,5.95,-3.87,-0.52,5.28
2025-04-29,301078,12.82,12.89,13.01,12.67,341165,440000817.0,2.63,-0.31,-0.04,2.72
2025-04-30,301078,12.93,12.73,13.16,12.7,458593,593443317.0,3.57,-1.24,-0.16,3.66
2025-05-06,301078,12.91,13.11,13.23,12.87,454988,594690245.0,2.83,2.99,0.38,3.63
2025-05-07,301078,13.31,12.84,13.47,12.71,597550,777858412.0,5.8,-2.06,-0.27,4.76
2025-05-08,301078,12.77,12.95,13.08,12.77,394386,511240590.0,2.41,0.86,0.11,3.14
2025-05-09,301078,12.91,12.48,12.91,12.43,406211,510860599.0,3.71,-3.63,-0.47,3.24
2025-05-12,301078,12.65,12.63,12.78,12.42,320654,402520583.0,2.88,1.2,0.15,2.56
2025-05-13,301078,12.68,12.41,12.88,12.41,377094,475679606.0,3.72,-1.74,-0.22,3.01
2025-05-14,301078,12.39,12.37,12.51,12.2,357232,440203904.0,2.5,-0.32,-0.04,2.85
2025-05-15,301078,12.28,12.3,12.4,12.07,346363,423828130.0,2.67,-0.57,-0.07,2.76
2025-05-16,301078,12.29,12.69,12.79,12.07,601201,757122585.0,5.85,3.17,0.39,4.79
2025-05-19,301078,12.59,13.16,13.3,12.52,814993,1060523810.0,6.15,3.7,0.47,6.5
2025-05-20,301078,13.0,14.08,14.2,12.97,1183142,1630303011.0,9.35,6.99,0.92,9.43
2025-05-21,301078,13.9,13.8,14.28,13.62,770531,1068251597.0,4.69,-1.99,-0.28,6.14
2025-05-22,301078,14.01,13.6,14.16,13.53,526825,726678009.0,4.57,-1.45,-0.2,4.2
2025-05-23,301078,13.58,13.23,13.63,13.2,432015,577700783.0,3.16,-2.72,-0.37,3.44
2025-05-26,301078,13.23,13.94,14.0,13.18,698950,961972504.19,6.2,5.37,0.71,5.57
